TaxonName,Phylum,Class,Order,Family
Abarenicola pacifica,Annelida,Polychaeta,Capitellida,Arenicolidae
Acanthina spirata,Mollusca,Gastropoda,Neogastropoda,Muricidae
Acanthodoris hudsoni,Mollusca,Gastropoda,Nudibranchia,Onchidorididae
Acanthodoris rhodoceras,Mollusca,Gastropoda,Nudibranchia,Onchidorididae
Acanthomysis sp,Arthropoda,Malacostraca,Mysidacea,Mysidae
Acarina,Arthropoda,Arachnida,Acarina,
Achelia alaskensis,Arthropoda,Pycnogonida,Pegmata,Ammotheidae
Achelia echinata,Arthropoda,Pycnogonida,Pegmata,Ammotheidae
Achelia nudiuscula,Arthropoda,Pycnogonida,Pegmata,Ammotheidae
Achelia simplissima,Arthropoda,Pycnogonida,Pegmata,Ammotheidae
Achelia sp,Arthropoda,Pycnogonida,Pegmata,Ammotheidae
Acidostoma hancocki,Arthropoda,Malacostraca,Amphipoda,Lysianassidae
Aclis occidentalis,Mollusca,Gastropoda,Neotaenioglossa,Aclididae
Acteocina carinata,Mollusca,Gastropoda,Cephalaspidea,Scaphandridae
Acteocina culcitella,Mollusca,Gastropoda,Cephalaspidea,Scaphandridae
Acteocina harpa,Mollusca,Gastropoda,Cephalaspidea,Scaphandridae
Acteocina inculta,Mollusca,Gastropoda,Cephalaspidea,Scaphandridae
Acteocina sp,Mollusca,Gastropoda,Cephalaspidea,Scaphandridae
Actiniaria,Cnidaria,Anthozoa,Actiniaria,
Acuminodeutopus heteruropus,Arthropoda,Malacostraca,Amphipoda,Aoridae
Adula diegensis,Mollusca,Bivalvia,Mytiloida,Mytilidae
Aegires albopunctatus,Mollusca,Gastropoda,Nudibranchia,Notodorididae
Aglaja ocelligera,Mollusca,Gastropoda,Cephalaspidea,Aglajidae
Aglaja sp,Mollusca,Gastropoda,Cephalaspidea,Aglajidae
Aglaophamus verrilli,Annelida,Polychaeta,Phyllodocida,Nephtyidae
Agnezia septentrionalis,Chordata,Ascidiacea,Phlebobranchiata,Agneziidae
Alabina phalacra,Mollusca,Gastropoda,Neotaenioglossa,Obtortionidae
Alcyonaria,Cnidaria,Anthozoa,,
Alderia modesta,Mollusca,Gastropoda,Sacoglossa,Hermaeidae
Alia carinata,Mollusca,Gastropoda,Neogastropoda,Columbellidae
Alia tuberosa,Mollusca,Gastropoda,Neogastropoda,Columbellidae
Alienacanthomysis macropsis,Arthropoda,Malacostraca,Mysidacea,Mysidae
Allorchestes angusta,Arthropoda,Malacostraca,Amphipoda,Hyalellidae
Allorchestes sp,Arthropoda,Malacostraca,Amphipoda,Hyalellidae
Alpheidae,Arthropoda,Malacostraca,Decapoda,Alpheidae
Alpheopsis equidactylus,Arthropoda,Malacostraca,Decapoda,Alpheidae
Alpheus bellimanus,Arthropoda,Malacostraca,Decapoda,Alpheidae
Alpheus californiensis,Arthropoda,Malacostraca,Decapoda,Alpheidae
Alpheus clamator,Arthropoda,Malacostraca,Decapoda,Alpheidae
Alpheus sp,Arthropoda,Malacostraca,Decapoda,Alpheidae
Alvania compacta,Mollusca,Gastropoda,Neotaenioglossa,Rissoidae
Amaeana occidentalis,Annelida,Polychaeta,Terebellida,Terebellidae
Amathia sp,Ectoprocta,Gymnolaemata,Ctenostomata,Vesiculariidae
Amathimysis trigibba,Arthropoda,Malacostraca,Mysidacea,Mysidae
Ambidexter panamensis,Arthropoda,Malacostraca,Decapoda,Processidae
Amblyosyllis sp,Annelida,Polychaeta,Phyllodocida,Syllidae
Americhelidium sp,Arthropoda,Malacostraca,Amphipoda,Oedicerotidae
Americorophium brevis,Arthropoda,Malacostraca,Amphipoda,Corophiidae
Americorophium salmonis,Arthropoda,Malacostraca,Amphipoda,Corophiidae
Americorophium sp,Arthropoda,Malacostraca,Amphipoda,Corophiidae
Americorophium spinicorne,Arthropoda,Malacostraca,Amphipoda,Corophiidae
Americorophium stimpsoni,Arthropoda,Malacostraca,Amphipoda,Corophiidae
Ammothea hilgendorfi,Arthropoda,Pycnogonida,Pegmata,Ammotheidae
Ampelisca abdita,Arthropoda,Malacostraca,Amphipoda,Ampeliscidae
Ampelisca agassizi,Arthropoda,Malacostraca,Amphipoda,Ampeliscidae
Ampelisca brachycladus,Arthropoda,Malacostraca,Amphipoda,Ampeliscidae
Ampelisca brevisimulata,Arthropoda,Malacostraca,Amphipoda,Ampeliscidae
Ampelisca careyi,Arthropoda,Malacostraca,Amphipoda,Ampeliscidae
Ampelisca cristata,Arthropoda,Malacostraca,Amphipoda,Ampeliscidae
Ampelisca lobata,Arthropoda,Malacostraca,Amphipoda,Ampeliscidae
Ampelisca milleri,Arthropoda,Malacostraca,Amphipoda,Ampeliscidae
Ampelisca pugetica,Arthropoda,Malacostraca,Amphipoda,Ampeliscidae
Ampelisca romigi,Arthropoda,Malacostraca,Amphipoda,Ampeliscidae
Ampelisca sp,Arthropoda,Malacostraca,Amphipoda,Ampeliscidae
Ampharete acutifrons,Annelida,Polychaeta,Terebellida,Ampharetidae
Ampharete cf goesi,Annelida,Polychaeta,Terebellida,Ampharetidae
Ampharete finmarchica,Annelida,Polychaeta,Terebellida,Ampharetidae
Ampharete labrops,Annelida,Polychaeta,Terebellida,Ampharetidae
Ampharete sp,Annelida,Polychaeta,Terebellida,Ampharetidae
Ampharetidae,Annelida,Polychaeta,Terebellida,Ampharetidae
Amphicteis scaphobranchiata,Annelida,Polychaeta,Terebellida,Ampharetidae
Amphicteis sp,Annelida,Polychaeta,Terebellida,Ampharetidae
Amphideutopus oculatus,Arthropoda,Malacostraca,Amphipoda,Isaeidae
Amphiduros sp,Annelida,Polychaeta,Phyllodocida,Hesionidae
Amphiodia sp,Echinodermata,Ophiuroidea,Ophiurida,Amphiuridae
Amphioplus strongyloplax,Echinodermata,Ophiuroidea,Ophiurida,Amphiuridae
Amphipholis sp,Echinodermata,Ophiuroidea,Ophiurida,Amphiuridae
Amphipholis squamata,Echinodermata,Ophiuroidea,Ophiurida,Amphiuridae
Amphipoda,Arthropoda,Malacostraca,Amphipoda,
Amphiporus bimaculatus,Nemertea,Enopla,Hoplonemertea,Amphiporidae
Amphiporus californianus,Nemertea,Enopla,Hoplonemertea,Amphiporidae
Amphiporus californicus,Nemertea,Enopla,Hoplonemertea,Amphiporidae
Amphiporus cruentatus,Nemertea,Enopla,Hoplonemertea,Amphiporidae
Amphiporus impanspinosus,Nemertea,Enopla,Hoplonemertea,Amphiporidae
Amphiporus rubellus,Nemertea,Enopla,Hoplonemertea,Amphiporidae
Amphissa undata,Mollusca,Gastropoda,Neogastropoda,Columbellidae
Amphitrite robusta,Annelida,Polychaeta,Terebellida,Terebellidae
Amphiuridae,Echinodermata,Ophiuroidea,Ophiurida,Amphiuridae
Ampithoe lacertosa,Arthropoda,Malacostraca,Amphipoda,Ampithoidae
Ampithoe longimana,Arthropoda,Malacostraca,Amphipoda,Ampithoidae
Ampithoe plumulosa,Arthropoda,Malacostraca,Amphipoda,Ampithoidae
Ampithoe sp,Arthropoda,Malacostraca,Amphipoda,Ampithoidae
Ampithoe valida,Arthropoda,Malacostraca,Amphipoda,Ampithoidae
Anadara multicostata,Mollusca,Bivalvia,Arcoida,Arcidae
Anchicolurus occidentalis,Arthropoda,Malacostraca,Cumacea,Diastylidae
Ancinus granulatus,Arthropoda,Malacostraca,Isopoda,Ancinidae
Ancistrosyllis groenlandica,Annelida,Polychaeta,Phyllodocida,Pilargidae
Ancula sp,Mollusca,Gastropoda,Nudibranchia,Goniodorididae
Anemonactis sp,Cnidaria,Anthozoa,Actiniaria,Haloclavidae
Anisogammarus pugettensis,Arthropoda,Malacostraca,Amphipoda,Anisogammaridae
Anoplodactylus erectus,Arthropoda,Pycnogonida,Pegmata,Phoxichilidiidae
Anoplodactylus nodosus,Arthropoda,Pycnogonida,Pegmata,Phoxichilidiidae
Anoplodactylus pacificus,Arthropoda,Pycnogonida,Pegmata,Phoxichilidiidae
Anoplodactylus sp,Arthropoda,Pycnogonida,Pegmata,Phoxichilidiidae
Anoplodactylus viridintestinalis,Arthropoda,Pycnogonida,Pegmata,Phoxichilidiidae
Anoropallene palpida,Arthropoda,Pycnogonida,Pegmata,Callipallenidae
Anotomastus gordiodes,Annelida,Polychaeta,Capitellida,Capitellidae
Anthozoa,Cnidaria,Anthozoa,,
Anthuridae,Arthropoda,Malacostraca,Isopoda,Anthuridae
Aonides sp,Annelida,Polychaeta,Spionida,Spionidae
Aoridae,Arthropoda,Malacostraca,Amphipoda,Aoridae
Aoroides exilis,Arthropoda,Malacostraca,Amphipoda,Aoridae
Aoroides inermis,Arthropoda,Malacostraca,Amphipoda,Aoridae
Aoroides intermedia,Arthropoda,Malacostraca,Amphipoda,Aoridae
Aoroides secundus,Arthropoda,Malacostraca,Amphipoda,Aoridae
Aoroides sp,Arthropoda,Malacostraca,Amphipoda,Aoridae
Aoroides spinosa,Arthropoda,Malacostraca,Amphipoda,Aoridae
Aphelochaeta cf williamsae,Annelida,Polychaeta,Spionida,Cirratulidae
Aphelochaeta glandaria Cmplx,Annelida,Polychaeta,Spionida,Cirratulidae
Aphelochaeta monilaris,Annelida,Polychaeta,Spionida,Cirratulidae
Aphelochaeta petersenae,Annelida,Polychaeta,Spionida,Cirratulidae
Aphelochaeta sp,Annelida,Polychaeta,Spionida,Cirratulidae
Aphrodita brevitentaculata,Annelida,Polychaeta,Phyllodocida,Aphroditidae
Aphrodita sp,Annelida,Polychaeta,Phyllodocida,Aphroditidae
Apionsoma misakianum,Sipuncula,Phascolosomatidea,Phascolosomatiformes,Phascolosomatidae
Apionsoma murinae,Sipuncula,Phascolosomatidea,Phascolosomatiformes,Phascolosomatidae
Apistobranchus ornatus,Annelida,Polychaeta,Spionida,Apistobranchidae
Aplousobranchiata,Chordata,Ascidiacea,Aplousobranchiata,
Aplysiopsis enteromorphae,Mollusca,Gastropoda,Sacoglossa,Oleidae
Apolochus barnardi,Arthropoda,Malacostraca,Amphipoda,Amphilochidae
Apoprionospio pygmaea,Annelida,Polychaeta,Spionida,Spionidae
Arabella sp,Annelida,Polychaeta,Eunicida,Oenonidae
Araphura breviaria,Arthropoda,Malacostraca,Tanaidacea,Anarthruridae
Archaeomysis grebnitzkii,Arthropoda,Malacostraca,Mysidacea,Mysidae
Arcturidae,Arthropoda,Malacostraca,Isopoda,Arcturidae
Argissa hamatipes,Arthropoda,Malacostraca,Amphipoda,Argissidae
Argopecten ventricosus,Mollusca,Bivalvia,Ostreoida,Pectinidae
Aricidea (Acmira) catherinae,Annelida,Polychaeta,Orbiniida,Paraonidae
Aricidea (Acmira) horikoshii,Annelida,Polychaeta,Orbiniida,Paraonidae
Aricidea (Acmira) lopezi,Annelida,Polychaeta,Orbiniida,Paraonidae
Aricidea (Acmira) simplex,Annelida,Polychaeta,Orbiniida,Paraonidae
Aricidea (Acmira) sp,Annelida,Polychaeta,Orbiniida,Paraonidae
Aricidea (Aedicira) sp,Annelida,Polychaeta,Orbiniida,Paraonidae
Aricidea (Allia) antennata,Annelida,Polychaeta,Orbiniida,Paraonidae
Aricidea (Aricidea) wassi,Annelida,Polychaeta,Orbiniida,Paraonidae
Armandia brevis,Annelida,Polychaeta,Opheliida,Opheliidae
Armina californica,Mollusca,Gastropoda,Nudibranchia,Arminidae
Aruga sp,Arthropoda,Malacostraca,Amphipoda,Lysianassidae
Ascidia sp,Chordata,Ascidiacea,Phlebobranchiata,Ascidiidae
Ascidiacea,Chordata,Ascidiacea,,
Assiminea californica,Mollusca,Gastropoda,Neotaenioglossa,Assimineidae
Asteropella slatteryi,Arthropoda,Ostracoda,Myodocopida,Cylindroleberididae
Asthenothaerus diegensis,Mollusca,Bivalvia,Pholadomyoida,Thraciidae
Astropecten verrilli,Echinodermata,Asteroidea,Paxillosida,Astropectinidae
Astyris aurantiaca,Mollusca,Gastropoda,Neogastropoda,Columbellidae
Astyris gausapata,Mollusca,Gastropoda,Neogastropoda,Columbellidae
Atylus tridens,Arthropoda,Malacostraca,Amphipoda,Dexaminidae
Autolytus sp,Annelida,Polychaeta,Phyllodocida,Syllidae
Axinopsida serricata,Mollusca,Bivalvia,Veneroida,Thyasiridae
Axiothella sp,Annelida,Polychaeta,Capitellida,Maldanidae
Barantolla nr americana,Annelida,Polychaeta,Capitellida,Capitellidae
Barleeia sp,Mollusca,Gastropoda,Neotaenioglossa,Barleeidae
Batea transversa,Arthropoda,Malacostraca,Amphipoda,Bateidae
Bathycopea daltonae,Arthropoda,Malacostraca,Isopoda,Sphaeromatidae
Bathyleberis sp,Arthropoda,Ostracoda,Myodocopida,Cylindroleberididae
Bemlos macromanus,Arthropoda,Malacostraca,Amphipoda,Aoridae
Bemlos sp,Arthropoda,Malacostraca,Amphipoda,Aoridae
Berthella sp,Mollusca,Gastropoda,Notaspidea,Pleurobranchidae
Betaeus ensenadensis,Arthropoda,Malacostraca,Decapoda,Alpheidae
Betaeus harrimani,Arthropoda,Malacostraca,Decapoda,Alpheidae
Betaeus longidactylus,Arthropoda,Malacostraca,Decapoda,Alpheidae
Betaeus sp,Arthropoda,Malacostraca,Decapoda,Alpheidae
Bispira sp,Annelida,Polychaeta,Sabellida,Sabellidae
Bivalvia,Mollusca,Bivalvia,,
Boccardia basilaria,Annelida,Polychaeta,Spionida,Spionidae
Boccardia columbiana,Annelida,Polychaeta,Spionida,Spionidae
Boccardia proboscidea,Annelida,Polychaeta,Spionida,Spionidae
Boccardia sp,Annelida,Polychaeta,Spionida,Spionidae
Boccardiella hamata,Annelida,Polychaeta,Spionida,Spionidae
Boccardiella ligerica,Annelida,Polychaeta,Spionida,Spionidae
Boccardiella sp,Annelida,Polychaeta,Spionida,Spionidae
Boreocingula martyni,Mollusca,Gastropoda,Neotaenioglossa,Rissoidae
Botryllus sp,Chordata,Ascidiacea,Stolidobranchiata,Styelidae
Brachyura,Arthropoda,Malacostraca,Decapoda,
Branchiostoma californiense,Chordata,Cephalochordata,Amphioxiformes,Branchiostomatidae
Branchiosyllis sp,Annelida,Polychaeta,Phyllodocida,Syllidae
Brania sp,Annelida,Polychaeta,Phyllodocida,Syllidae
Bulla gouldiana,Mollusca,Gastropoda,Cephalaspidea,Bullidae
Bullomorpha sp A,Mollusca,Gastropoda,Cephalaspidea,
Bunodeopsis sp A,Cnidaria,Anthozoa,Actiniaria,Boloceroididae
Busycotypus canaliculatus,Mollusca,Gastropoda,,Melongenidae
Cadulus aberrans,Mollusca,Scaphopoda,Gadilida,Gadilidae
Caecognathia sp,Arthropoda,Malacostraca,Isopoda,Gnathiidae
Caecum californicum,Mollusca,Gastropoda,Neotaenioglossa,Caecidae
Caecum crebricinctum,Mollusca,Gastropoda,Neotaenioglossa,Caecidae
Caecum occidentale,Mollusca,Gastropoda,Neotaenioglossa,Caecidae
Califanthura squamosissima,Arthropoda,Malacostraca,Isopoda,Paranthuridae
Callianassidae,Arthropoda,Malacostraca,Decapoda,Callianassidae
Callipallene brevirostris,Arthropoda,Pycnogonida,Pegmata,Callipallenidae
Calocarides sp,Arthropoda,Malacostraca,Decapoda,Axiidae
Calyptraea fastigiata,Mollusca,Gastropoda,Neotaenioglossa,Calyptraeidae
Campylaspis biplicata,Arthropoda,Malacostraca,Cumacea,Nannastacidae
Campylaspis canaliculata,Arthropoda,Malacostraca,Cumacea,Nannastacidae
Campylaspis rubromaculata,Arthropoda,Malacostraca,Cumacea,Nannastacidae
Campylaspis sp C,Arthropoda,Malacostraca,Cumacea,Nannastacidae
Cancer antennarius,Arthropoda,Malacostraca,Decapoda,Cancridae
Cancer anthonyi,Arthropoda,Malacostraca,Decapoda,Cancridae
Cancer gracilis,Arthropoda,Malacostraca,Decapoda,Cancridae
Cancer jordani,Arthropoda,Malacostraca,Decapoda,Cancridae
Cancer magister,Arthropoda,Malacostraca,Decapoda,Cancridae
Cancer oregonensis,Arthropoda,Malacostraca,Decapoda,Cancridae
Cancer sp,Arthropoda,Malacostraca,Decapoda,Cancridae
Capitella capitata Cmplx,Annelida,Polychaeta,Capitellida,Capitellidae
Capitellidae,Annelida,Polychaeta,Capitellida,Capitellidae
Caprella alaskana,Arthropoda,Malacostraca,Amphipoda,Caprellidae
Caprella californica,Arthropoda,Malacostraca,Amphipoda,Caprellidae
Caprella drepanochir,Arthropoda,Malacostraca,Amphipoda,Caprellidae
Caprella equilibra,Arthropoda,Malacostraca,Amphipoda,Caprellidae
Caprella gracilior,Arthropoda,Malacostraca,Amphipoda,Caprellidae
Caprella laeviuscula,Arthropoda,Malacostraca,Amphipoda,Caprellidae
Caprella mendax,Arthropoda,Malacostraca,Amphipoda,Caprellidae
Caprella natalensis,Arthropoda,Malacostraca,Amphipoda,Caprellidae
Caprella scaura,Arthropoda,Malacostraca,Amphipoda,Caprellidae
Caprella sp,Arthropoda,Malacostraca,Amphipoda,Caprellidae
Caprella verrucosa,Arthropoda,Malacostraca,Amphipoda,Caprellidae
Caprellidae,Arthropoda,Malacostraca,Amphipoda,Caprellidae
Caprellidea,Arthropoda,Malacostraca,Amphipoda,
Carazziella sp,Annelida,Polychaeta,Spionida,Spionidae
Caridea,Arthropoda,Malacostraca,Decapoda,
Caudina arenicola,Echinodermata,Holothuroidea,Molpadida,Caudinidae
Caulleriella apicula,Annelida,Polychaeta,Spionida,Cirratulidae
Caulleriella pacifica,Annelida,Polychaeta,Spionida,Cirratulidae
Ceradocus spinicaudus,Arthropoda,Malacostraca,Amphipoda,Melitidae
Cerapus tubularis Cmplx,Arthropoda,Malacostraca,Amphipoda,Ischyroceridae
Ceratonereis mirabilis,Annelida,Polychaeta,Phyllodocida,Nereididae
Ceratopogonidae,Arthropoda,Insecta,Diptera,Ceratopogonidae
Cerberilla sp,Mollusca,Gastropoda,Nudibranchia,Aeolidiidae
Ceriantharia,Cnidaria,Anthozoa,Ceriantharia,
Cerithidea californica,Mollusca,Gastropoda,Neotaenioglossa,Potamididae
Cerithiopsis sp,Mollusca,Gastropoda,Neotaenioglossa,Cerithiopsidae
Chaetodermatida,Mollusca,Aplacophora,Chaetodermatida,
Chaetopteridae,Annelida,Polychaeta,Spionida,Chaetopteridae
Chaetopterus variopedatus Cmplx,Annelida,Polychaeta,Spionida,Chaetopteridae
Chaetozone bansei,Annelida,Polychaeta,Spionida,Cirratulidae
Chaetozone columbiana,Annelida,Polychaeta,Spionida,Cirratulidae
Chaetozone corona,Annelida,Polychaeta,Spionida,Cirratulidae
Chaetozone lunula,Annelida,Polychaeta,Spionida,Cirratulidae
Chaetozone senticosa,Annelida,Polychaeta,Spionida,Cirratulidae
Chaetozone setosa Cmplx,Annelida,Polychaeta,Spionida,Cirratulidae
Chaetozone sp,Annelida,Polychaeta,Spionida,Cirratulidae
Chama arcana,Mollusca,Bivalvia,Veneroida,Chamidae
Chauliopleona dentata,Arthropoda,Malacostraca,Tanaidacea,Anarthruridae
Cheirophotis sp,Arthropoda,Malacostraca,Amphipoda,Corophiidae
Chelura terebrans,Arthropoda,Malacostraca,Amphipoda,Cheluridae
Chione californiensis,Mollusca,Bivalvia,Veneroida,Veneridae
Chione sp,Mollusca,Bivalvia,Veneroida,Veneridae
Chione undatella,Mollusca,Bivalvia,Veneroida,Veneridae
Chironomidae,Arthropoda,Insecta,Diptera,Chironomidae
Chone albocincta,Annelida,Polychaeta,Sabellida,Sabellidae
Chone duneri,Annelida,Polychaeta,Sabellida,Sabellidae
Chone ecaudata,Annelida,Polychaeta,Sabellida,Sabellidae
Chone infundibuliformis,Annelida,Polychaeta,Sabellida,Sabellidae
Chone minuta,Annelida,Polychaeta,Sabellida,Sabellidae
Chone mollis,Annelida,Polychaeta,Sabellida,Sabellidae
Chone sp,Annelida,Polychaeta,Sabellida,Sabellidae
Chone veleronis,Annelida,Polychaeta,Sabellida,Sabellidae
Ciona intestinalis,Chordata,Ascidiacea,Phlebobranchiata,Cionidae
Cirratulidae,Annelida,Polychaeta,Spionida,Cirratulidae
Cirratulus sp,Annelida,Polychaeta,Spionida,Cirratulidae
Cirriformia sp,Annelida,Polychaeta,Spionida,Cirratulidae
Cirrophorus furcatus,Annelida,Polychaeta,Orbiniida,Paraonidae
Clinocardium nuttallii,Mollusca,Bivalvia,Veneroida,Cardiidae
Clymenella sp,Annelida,Polychaeta,Capitellida,Maldanidae
Cnidaria,Cnidaria,,,
Columbiaemysis ignota,Arthropoda,Malacostraca,Mysidacea,Mysidae
Compsomyax subdiaphana,Mollusca,Bivalvia,Veneroida,Veneridae
Conus californicus,Mollusca,Gastropoda,Neogastropoda,Conidae
Cooperella subdiaphana,Mollusca,Bivalvia,Veneroida,Petricolidae
Corbicula fluminea,Mollusca,Bivalvia,Veneroida,Corbiculidae
Corbula porcella,Mollusca,Bivalvia,Myoida,Corbulidae
Corixidae,Arthropoda,Insecta,Hemiptera,Corixidae
Corophiidae,Arthropoda,Malacostraca,Amphipoda,Corophiidae
Corophioidea,Arthropoda,Malacostraca,Amphipoda,
Corophium acherusicum,Arthropoda,Malacostraca,Amphipoda,Corophiidae
Corymorpha sp,Cnidaria,Hydrozoa,Athecatae,Corymorphidae
Corymorphidae,Cnidaria,Hydrozoa,Athecatae,Corymorphidae
Cossura candida,Annelida,Polychaeta,Cossurida,Cossuridae
Cossura pygodactylata,Annelida,Polychaeta,Cossurida,Cossuridae
Cossura sp,Annelida,Polychaeta,Cossurida,Cossuridae
Cossura sp A,Annelida,Polychaeta,Cossurida,Cossuridae
Crangon alaskensis,Arthropoda,Malacostraca,Decapoda,Crangonidae
Crangon franciscorum,Arthropoda,Malacostraca,Decapoda,Crangonidae
Crangon nigricauda,Arthropoda,Malacostraca,Decapoda,Crangonidae
Crangon nigromaculata,Arthropoda,Malacostraca,Decapoda,Crangonidae
Crangon sp,Arthropoda,Malacostraca,Decapoda,Crangonidae
Crepidula adunca,Mollusca,Gastropoda,Neotaenioglossa,Calyptraeidae
Crepidula convexa,Mollusca,Gastropoda,Neotaenioglossa,Calyptraeidae
Crepidula glottidiarum,Mollusca,Gastropoda,Neotaenioglossa,Calyptraeidae
Crepidula naticarum,Mollusca,Gastropoda,Neotaenioglossa,Calyptraeidae
Crepidula norrisianum,Mollusca,Gastropoda,Neotaenioglossa,Calyptraeidae
Crepidula onyx,Mollusca,Gastropoda,Neotaenioglossa,Calyptraeidae
Crepidula plana,Mollusca,Gastropoda,Neotaenioglossa,Calyptraeidae
Crepidula sp,Mollusca,Gastropoda,Neotaenioglossa,Calyptraeidae
Crepipatella dorsata,Mollusca,Gastropoda,Neotaenioglossa,Calyptraeidae
Crucibulum spinosum,Mollusca,Gastropoda,Neotaenioglossa,Calyptraeidae
Cryptomya californica,Mollusca,Bivalvia,Myoida,Myidae
Ctenodrilus serratus,Annelida,Polychaeta,Ctenodrilida,Ctenodrilidae
Cumacea,Arthropoda,Malacostraca,Cumacea,
Cumanotus fernaldi,Mollusca,Gastropoda,Nudibranchia,Cumanotidae
Cumella californica,Arthropoda,Malacostraca,Cumacea,Nannastacidae
Cumella sp,Arthropoda,Malacostraca,Cumacea,Nannastacidae
Cumella vulgaris,Arthropoda,Malacostraca,Cumacea,Nannastacidae
Cumingia californica,Mollusca,Bivalvia,Veneroida,Semelidae
Cyathodonta pedroana,Mollusca,Bivalvia,Pholadomyoida,Thraciidae
Cyclaspis sp,Arthropoda,Malacostraca,Cumacea,Bodotriidae
Cylichna diegensis,Mollusca,Gastropoda,Cephalaspidea,Cylichnidae
Cylindroleberididae,Arthropoda,Ostracoda,Myodocopida,Cylindroleberididae
Dasyhelea sp,Arthropoda,Insecta,Diptera,Ceratopogonidae
Decamastus gracilis,Annelida,Polychaeta,Capitellida,Capitellidae
Decapoda,Arthropoda,Malacostraca,Decapoda,
Deflexilodes norvegicus,Arthropoda,Malacostraca,Amphipoda,Oedicerotidae
Deltamysis sp A,Arthropoda,Malacostraca,Mysidacea,Mysidae
Demonax sp,Annelida,Polychaeta,Sabellida,Sabellidae
Dendraster excentricus,Echinodermata,Echinoidea,Clypeasteroida,Dendrasteridae
Dendraster sp,Echinodermata,Echinoidea,Clypeasteroida,Dendrasteridae
Dentaliidae,Mollusca,Scaphopoda,Dentaliida,Dentaliidae
Deutella californica,Arthropoda,Malacostraca,Amphipoda,Pariambidae
Deximinidae,Arthropoda,Malacostraca,Amphipoda,Deximinidae
Diadumene sp,Cnidaria,Anthozoa,Actiniaria,Diadumenidae
Diastylis crenellata,Arthropoda,Malacostraca,Cumacea,Diastylidae
Diastylis santamariensis,Arthropoda,Malacostraca,Cumacea,Diastylidae
Diastylis sp,Arthropoda,Malacostraca,Cumacea,Diastylidae
Diastylopsis dawsoni,Arthropoda,Malacostraca,Cumacea,Diastylidae
Diastylopsis tenuis,Arthropoda,Malacostraca,Cumacea,Diastylidae
Diopatra ornata,Annelida,Polychaeta,Eunicida,Onuphidae
Diopatra sp,Annelida,Polychaeta,Eunicida,Onuphidae
Diopatra splendidissima,Annelida,Polychaeta,Eunicida,Onuphidae
Diopatra tridentata,Annelida,Polychaeta,Eunicida,Onuphidae
Diplocirrus sp SD1,Annelida,Polychaeta,Flabelligerida,Flabelligeridae
Diplodonta orbella,Mollusca,Bivalvia,Veneroida,Ungulinidae
Diplodonta sericata,Mollusca,Bivalvia,Veneroida,Ungulinidae
Diplodonta sp,Mollusca,Bivalvia,Veneroida,Ungulinidae
Dipolydora sp,Annelida,Polychaeta,Spionida,Spionidae
Diptera,Arthropoda,Insecta,Diptera,
Dispio dibranchiata,Annelida,Polychaeta,Spionida,Spionidae
Dispio uncinata,Annelida,Polychaeta,Spionida,Spionidae
Distaplia occidentalis,Chordata,Ascidiacea,Aplousobranchiata,Polycitoridae
Dolichopodidae,Arthropoda,Insecta,Diptera,Dolichopodidae
Donax gouldii,Mollusca,Bivalvia,Veneroida,Veneridae
Dorvillea (Dorvillea) sp,Annelida,Polychaeta,Eunicida,Dorvilleidae
Dorvillea (Schistomeringos) sp,Annelida,Polychaeta,Eunicida,Dorvilleidae
Dorvilleidae,Annelida,Polychaeta,Eunicida,Dorvilleidae
Drilonereis falcata,Annelida,Polychaeta,Eunicida,Oenonidae
Drilonereis longa,Annelida,Polychaeta,Eunicida,Oenonidae
Drilonereis mexicana,Annelida,Polychaeta,Eunicida,Oenonidae
Drilonereis nuda,Annelida,Polychaeta,Eunicida,Oenonidae
Drilonereis sp,Annelida,Polychaeta,Eunicida,Oenonidae
Dulichia sp,Arthropoda,Malacostraca,Amphipoda,Podoceridae
Dynamenella sp,Arthropoda,Malacostraca,Isopoda,Sphaeromatidae
Dyopedos sp,Arthropoda,Malacostraca,Amphipoda,Podoceridae
Echinoidea,Echinodermata,Echinoidea,,
Echiura,Echiura,,,
Eclysippe trilobata,Annelida,Polychaeta,Terebellida,Ampharetidae
Edotia sp,Arthropoda,Malacostraca,Isopoda,Idoteidae
Edotia sp B,Arthropoda,Malacostraca,Isopoda,Idoteidae
Edotia sublittoralis,Arthropoda,Malacostraca,Isopoda,Idoteidae
Edwardsia californica,Cnidaria,Anthozoa,Actiniaria,Edwardsiidae
Edwardsia sipunculoides,Cnidaria,Anthozoa,Actiniaria,Edwardsiidae
Edwardsia sp,Cnidaria,Anthozoa,Actiniaria,Edwardsiidae
Edwardsia sp G,Cnidaria,Anthozoa,Actiniaria,Edwardsiidae
Edwardsiidae,Cnidaria,Anthozoa,Actiniaria,Edwardsiidae
Elasmopus antennatus,Arthropoda,Malacostraca,Amphipoda,Melitidae
Elasmopus bampo,Arthropoda,Malacostraca,Amphipoda,Melitidae
Elasmopus mutatus,Arthropoda,Malacostraca,Amphipoda,Melitidae
Elasmopus sp,Arthropoda,Malacostraca,Amphipoda,Melitidae
Ensis myrae,Mollusca,Bivalvia,Veneroida,Pharidae
Enteropneusta,Chordata,Enteropneusta,,Ptychoderidae
Eobrolgus chumashi,Arthropoda,Malacostraca,Amphipoda,Phoxocephalidae
Eobrolgus spinosus,Arthropoda,Malacostraca,Amphipoda,Phoxocephalidae
Eochelidium sp A,Arthropoda,Malacostraca,Amphipoda,Oedicerotidae
Eogammarus confervicolus Cmplx,Arthropoda,Malacostraca,Amphipoda,Anisogammaridae
Eohaustorius estuarius,Arthropoda,Malacostraca,Amphipoda,Haustoriidae
Eohaustorius sawyeri,Arthropoda,Malacostraca,Amphipoda,Haustoriidae
Ephesiella brevicapitis,Annelida,Polychaeta,Phyllodocida,Sphaerodoridae
Epilucina californica,Mollusca,Bivalvia,Veneroida,Lucinidae
Epitonium hindsii,Mollusca,Gastropoda,Neotaenioglossa,Epitoniidae
Epitonium sp,Mollusca,Gastropoda,Neotaenioglossa,Epitoniidae
Epitonium tinctum,Mollusca,Gastropoda,Neotaenioglossa,Epitoniidae
Eranno lagunae,Annelida,Polychaeta,Eunicida,Lumbrineridae
Erato columbella,Mollusca,Gastropoda,Neotaenioglossa,Triviidae
Erichsonella crenulata,Arthropoda,Malacostraca,Isopoda,Idoteidae
Ericthonius brasiliensis,Arthropoda,Malacostraca,Amphipoda,Ischyroceridae
Ericthonius rubricornis,Arthropoda,Malacostraca,Amphipoda,Ischyroceridae
Ericthonius sp,Arthropoda,Malacostraca,Amphipoda,Ischyroceridae
Eteone sp,Annelida,Polychaeta,Phyllodocida,Phyllodocidae
Eualus lineatus,Arthropoda,Malacostraca,Decapoda,Hippolytidae
Euchone incolor,Annelida,Polychaeta,Sabellida,Sabellidae
Euchone limnicola,Annelida,Polychaeta,Sabellida,Sabellidae
Euclymeninae,Annelida,Polychaeta,Capitellida,Maldanidae
Euclymeninae sp A,Annelida,Polychaeta,Capitellida,Maldanidae
Eudistylia sp,Annelida,Polychaeta,Sabellida,Sabellidae
Eudorella pacifica,Arthropoda,Malacostraca,Cumacea,Leuconidae
Eulalia californiensis,Annelida,Polychaeta,Phyllodocida,Phyllodocidae
Eulalia quadrioculata,Annelida,Polychaeta,Phyllodocida,Phyllodocidae
Eulalia sp,Annelida,Polychaeta,Phyllodocida,Phyllodocidae
Eulithidium sp,Mollusca,Gastropoda,Vetigastropoda,Turbinidae
Eumida longicornuta,Annelida,Polychaeta,Phyllodocida,Phyllodocidae
Eumida sanguinea,Annelida,Polychaeta,Phyllodocida,Phyllodocidae
Eumida sp,Annelida,Polychaeta,Phyllodocida,Phyllodocidae
Eunice sp,Annelida,Polychaeta,Eunicida,Eunicidae
Eunicidae,Annelida,Polychaeta,Eunicida,Eunicidae
Euphilomedes carcharodonta,Arthropoda,Ostracoda,Myodocopida,Philomedidae
Euphilomedes producta,Arthropoda,Ostracoda,Myodocopida,Philomedidae
Euphysa sp,Cnidaria,Hydrozoa,Athecatae,Corymorphidae
Eupolymnia heterobranchia,Annelida,Polychaeta,Terebellida,Terebellidae
Eupolymnia sp,Annelida,Polychaeta,Terebellida,Terebellidae
Eusarsiella thominx,Arthropoda,Ostracoda,Myodocopida,Sarsiellidae
Eusarsiella zostericola,Arthropoda,Ostracoda,Myodocopida,Sarsiellidae
Eusiridae,Arthropoda,Malacostraca,Amphipoda,Eusiridae
Eusyllis sp,Annelida,Polychaeta,Phyllodocida,Syllidae
Eusyllis transecta,Annelida,Polychaeta,Phyllodocida,Syllidae
Euzonus mucronata,Annelida,Polychaeta,Opheliida,Opheliidae
Euzonus williamsi,Annelida,Polychaeta,Opheliida,Opheliidae
Exogone acutipalpa,Annelida,Polychaeta,Phyllodocida,Syllidae
Exogone breviseta,Annelida,Polychaeta,Phyllodocida,Syllidae
Exogone cf verugera,Annelida,Polychaeta,Phyllodocida,Syllidae
Exogone dwisula,Annelida,Polychaeta,Phyllodocida,Syllidae
Exogone lourei,Annelida,Polychaeta,Phyllodocida,Syllidae
Exogone sp,Annelida,Polychaeta,Phyllodocida,Syllidae
Exogone sp A (Harris),Annelida,Polychaeta,Phyllodocida,Syllidae
Exogone uniformis,Annelida,Polychaeta,Phyllodocida,Syllidae
Exosphaeroma rhomburum,Arthropoda,Malacostraca,Isopoda,Sphaeromatidae
Eyakia robusta,Arthropoda,Malacostraca,Amphipoda,Phoxocephalidae
Fabricinuda limnicola,Annelida,Polychaeta,Sabellida,Sabellidae
Ficopomatus enigmaticus,Annelida,Polychaeta,Sabellida,Serpulidae
Flabellifera,Arthropoda,Malacostraca,Isopoda,
Flabelligera infundibularis,Annelida,Polychaeta,Flabelligerida,Flabelligeridae
Flosmaris grandis,Cnidaria,Anthozoa,Actiniaria,Isophelliidae
Fluminicola virens,Mollusca,Gastropoda,Neotaenioglossa,Hydrobiidae
Foxiphalus golfensis,Arthropoda,Malacostraca,Amphipoda,Phoxocephalidae
Foxiphalus obtusidens,Arthropoda,Malacostraca,Amphipoda,Phoxocephalidae
Foxiphalus sp,Arthropoda,Malacostraca,Amphipoda,Phoxocephalidae
Fusinus luteopictus,Mollusca,Gastropoda,Neogastropoda,Fasciolariidae
Gammaridea,Arthropoda,Malacostraca,Amphipoda,
Gammaropsis sp,Arthropoda,Malacostraca,Amphipoda,Isaeidae
Gammaropsis thompsoni,Arthropoda,Malacostraca,Amphipoda,Isaeidae
Gammarus daiberi,Arthropoda,Malacostraca,Amphipoda,Gammaridae
Gari sp,Mollusca,Bivalvia,Veneroida,Psammobiidae
Gastropoda,Mollusca,Gastropoda,,
Gastropteron pacificum,Mollusca,Gastropoda,Cephalaspidea,Gastropteridae
Gemma gemma,Mollusca,Bivalvia,Veneroida,Veneridae
Geukensia demissa,Mollusca,Bivalvia,Mytiloida,Mytilidae
Gibberosus myersi,Arthropoda,Malacostraca,Amphipoda,Megaluropidae
Gitanopsis sp,Arthropoda,Malacostraca,Amphipoda,Amphilochidae
Glottidia albida,Brachiopoda,Inarticulata,Lingulida,Lingulidae
Glycera americana,Annelida,Polychaeta,Phyllodocida,Glyceridae
Glycera macrobranchia,Annelida,Polychaeta,Phyllodocida,Glyceridae
Glycera nana,Annelida,Polychaeta,Phyllodocida,Glyceridae
Glycera robusta,Annelida,Polychaeta,Phyllodocida,Glyceridae
Glycera sp,Annelida,Polychaeta,Phyllodocida,Glyceridae
Glycera tenuis,Annelida,Polychaeta,Phyllodocida,Glyceridae
Glycinde armigera,Annelida,Polychaeta,Phyllodocida,Goniadidae
Glycinde picta,Annelida,Polychaeta,Phyllodocida,Goniadidae
Glycinde polygnatha,Annelida,Polychaeta,Phyllodocida,Goniadidae
Glycinde sp,Annelida,Polychaeta,Phyllodocida,Goniadidae
Gnathiidae,Arthropoda,Malacostraca,Isopoda,Gnathiidae
Gnathopleustes pugettensis,Arthropoda,Malacostraca,Amphipoda,Pleustidae
Gnorimosphaeroma insulare,Arthropoda,Malacostraca,Isopoda,Sphaeromatidae
Gnorimosphaeroma oregonense,Arthropoda,Malacostraca,Isopoda,Sphaeromatidae
Golfingia sp,Sipuncula,Sipunculidea,Golfingiformes,Golfingiidae
Golfingiidae,Sipuncula,Sipunculidea,Golfingiformes,Golfingiidae
Gomphidae,Arthropoda,Insecta,Odonata,Gomphidae
Goniada littorea,Annelida,Polychaeta,Phyllodocida,Goniadidae
Goniada maculata,Annelida,Polychaeta,Phyllodocida,Goniadidae
Goniada sp,Annelida,Polychaeta,Phyllodocida,Goniadidae
Goniadidae,Annelida,Polychaeta,Phyllodocida,Goniadidae
Grandidierella japonica,Arthropoda,Malacostraca,Amphipoda,Aoridae
Grandifoxus grandis,Arthropoda,Malacostraca,Amphipoda,Phoxocephalidae
Granulina margaritula,Mollusca,Gastropoda,Neogastropoda,Marginellidae
Grapsidae,Arthropoda,Malacostraca,Decapoda,Grapsidae
Gymnonereis crosslandi,Annelida,Polychaeta,Phyllodocida,Nereididae
Gyptis sp,Annelida,Polychaeta,Phyllodocida,Hesionidae
Halacaridae,Arthropoda,Arachnida,Acari,Halacaridae
Halcampidae,Cnidaria,Anthozoa,Actiniaria,Halcampidae
Haliophasma geminatum,Arthropoda,Malacostraca,Isopoda,Anthuridae
Halosydna brevisetosa,Annelida,Polychaeta,Phyllodocida,Polynoidae
Halosydna johnsoni,Annelida,Polychaeta,Phyllodocida,Polynoidae
Halosydna latior,Annelida,Polychaeta,Phyllodocida,Polynoidae
Haminoea vesicula,Mollusca,Gastropoda,Cephalaspidea,Haminaeidae
Haminoea virescens,Mollusca,Gastropoda,Cephalaspidea,Haminaeidae
Harenactis attenuata,Cnidaria,Anthozoa,Actiniaria,Haloclavidae
Harmothoe hirsuta,Annelida,Polychaeta,Phyllodocida,Polynoidae
Harmothoe imbricata Cmplx,Annelida,Polychaeta,Phyllodocida,Polynoidae
Harmothoe sp,Annelida,Polychaeta,Phyllodocida,Polynoidae
Harmothoe sp 1,Annelida,Polychaeta,Phyllodocida,Polynoidae
Harmothoinae,Annelida,Polychaeta,Phyllodocida,Polynoidae
Harpacticoida,Arthropoda,Copepoda,Harpacticoida,Ectinosomatidae
Hartmanodes hartmanae,Arthropoda,Malacostraca,Amphipoda,Oedicerotidae
Hartmanodes murrius,Arthropoda,Malacostraca,Amphipoda,Oedicerotidae
Hemigrapsus oregonensis,Arthropoda,Malacostraca,Decapoda,Grapsidae
Hemilamprops californicus,Arthropoda,Malacostraca,Cumacea,Lampropidae
Hemipodia borealis,Annelida,Polychaeta,Phyllodocida,Glyceridae
Hemiproto sp A,Arthropoda,Malacostraca,Amphipoda,Phtiscidae
Heptacarpus cristatus,Arthropoda,Malacostraca,Decapoda,Hippolytidae
Heptacarpus paludicola,Arthropoda,Malacostraca,Decapoda,Hippolytidae
Heptacarpus sitchensis,Arthropoda,Malacostraca,Decapoda,Hippolytidae
Heptacarpus sp,Arthropoda,Malacostraca,Decapoda,Hippolytidae
Heptacarpus taylori,Arthropoda,Malacostraca,Decapoda,Hippolytidae
Hermissenda crassicornis,Mollusca,Gastropoda,Nudibranchia,Facelinidae
Hesionidae,Annelida,Polychaeta,Phyllodocida,Hesionidae
Hesionura coineaui difficilis,Annelida,Polychaeta,Phyllodocida,Phyllodocidae
Hesperonoe complanata,Annelida,Polychaeta,Phyllodocida,Polynoidae
Hesperonoe laevis,Annelida,Polychaeta,Phyllodocida,Polynoidae
Heteromastus filiformis,Annelida,Polychaeta,Capitellida,Capitellidae
Heteromastus filobranchus,Annelida,Polychaeta,Capitellida,Capitellidae
Heteromastus sp,Annelida,Polychaeta,Capitellida,Capitellidae
Heteromysis odontops,Arthropoda,Malacostraca,Mysidacea,Mysidae
Heterophoxus affinis,Arthropoda,Malacostraca,Amphipoda,Phoxocephalidae
Heterophoxus ellisi,Arthropoda,Malacostraca,Amphipoda,Phoxocephalidae
Heterophoxus oculatus,Arthropoda,Malacostraca,Amphipoda,Phoxocephalidae
Heteropodarke heteromorpha,Annelida,Polychaeta,Phyllodocida,Hesionidae
Heteroserolis carinata,Arthropoda,Malacostraca,Isopoda,Serolidae
Heterospio catalinensis,Annelida,Polychaeta,Spionida,Longosomatidae
Hexagenia sp,Arthropoda,Insecta,Ephemeroptera,Ephemeridae
Hiatella arctica,Mollusca,Bivalvia,Myoida,Hiatellidae
Hippolyte californiensis,Arthropoda,Malacostraca,Decapoda,Hippolytidae
Hippolytidae,Arthropoda,Malacostraca,Decapoda,Hippolytidae
Hippomedon sp,Arthropoda,Malacostraca,Amphipoda,Lysianassidae
Hirudinea,Annelida,Hirudinea,,
Hobsonia florida,Annelida,Polychaeta,Terebellida,Ampharetidae
Holmesimysis costata,Arthropoda,Malacostraca,Mysidacea,Mysidae
Holothuroidea,Echinodermata,Holothuroidea,,
Hyalidae,Arthropoda,Malacostraca,Amphipoda,Hyalidae
Hydroides elegans,Annelida,Polychaeta,Sabellida,Serpulidae
Hydroides pacificus,Annelida,Polychaeta,Sabellida,Serpulidae
Idotea sp,Arthropoda,Malacostraca,Isopoda,Idoteidae
Idoteidae,Arthropoda,Malacostraca,Isopoda,Idoteidae
Incisocalliope sp,Arthropoda,Malacostraca,Amphipoda,Pleustidae
Insecta,Arthropoda,Insecta,,
Irusella lamellifera,Mollusca,Bivalvia,Veneroida,Veneridae
Isaeidae,Arthropoda,Malacostraca,Amphipoda,Isaeidae
Ischyroceridae,Arthropoda,Malacostraca,Amphipoda,Ischyroceridae
Ischyrocerus sp,Arthropoda,Malacostraca,Amphipoda,Ischyroceridae
Iselica ovoidea,Mollusca,Gastropoda,Heterostropha,Pyramidellidae
Isocheles pilosus,Arthropoda,Malacostraca,Decapoda,Diogenidae
Isopoda,Arthropoda,Malacostraca,Isopoda,
Janiralata sp,Arthropoda,Malacostraca,Isopoda,Janiridae
Janiropsis tridens,Arthropoda,Malacostraca,Isopoda,Janiridae
Janua (Dexiospira) brasiliensis,Annelida,Polychaeta,Sabellida,Serpulidae
Jassa marmorata,Arthropoda,Malacostraca,Amphipoda,Ischyroceridae
Jassa slatteryi,Arthropoda,Malacostraca,Amphipoda,Ischyroceridae
Jassa sp,Arthropoda,Malacostraca,Amphipoda,Ischyroceridae
Joeropsis dubia,Arthropoda,Malacostraca,Isopoda,Joeropsididae
Joeropsis sp,Arthropoda,Malacostraca,Isopoda,Joeropsididae
Juga sp,Mollusca,Gastropoda,Neotaenioglossa,Pleuroceridae
Kalliapseudes crassus,Arthropoda,Malacostraca,Tanaidacea,Kalliapseudidaea
Kellia sp,Mollusca,Bivalvia,Veneroida,Lasaeidae
Kurtziella plumbea,Mollusca,Gastropoda,Neogastropoda,Conidae
Kurtzina beta,Mollusca,Gastropoda,Neogastropoda,Conidae
Lacuna marmorata,Mollusca,Gastropoda,Neotaenioglossa,Littorinidae
Lacuna sp,Mollusca,Gastropoda,Neotaenioglossa,Lacunidae
Lacuna unifasciata,Mollusca,Gastropoda,Neotaenioglossa,Lacunidae
Lacuna vincta,Mollusca,Gastropoda,Neotaenioglossa,Lacunidae
Laevicardium substriatum,Mollusca,Bivalvia,Veneroida,Cardiidae
Lamprops carinatus,Arthropoda,Malacostraca,Cumacea,Lampropidae
Lamprops quadriplicatus,Arthropoda,Malacostraca,Cumacea,Lampropidae
Lamprops sp,Arthropoda,Malacostraca,Cumacea,Lampropidae
Lanice conchilega,Annelida,Polychaeta,Terebellida,Terebellidae
Laomedea calceolifera,Cnidaria,Hydrozoa,Thecatae,Campanulariidae
Laonice cirrata,Annelida,Polychaeta,Spionida,Spionidae
Laonice nuchala,Annelida,Polychaeta,Spionida,Spionidae
Laonice pugettensis,Annelida,Polychaeta,Spionida,Spionidae
Laonome sp,Annelida,Polychaeta,Sabellida,Sabellidae
Laticorophium baconi,Arthropoda,Malacostraca,Amphipoda,Corophiidae
Leitoscoloplos panamensis,Annelida,Polychaeta,Orbiniida,Orbiniidae
Leitoscoloplos pugettensis,Annelida,Polychaeta,Orbiniida,Orbiniidae
Leitoscoloplos sp,Annelida,Polychaeta,Orbiniida,Orbiniidae
Lepidasthenia berkeleyae,Annelida,Polychaeta,Phyllodocida,Polynoidae
Lepidochitona hartwegii,Mollusca,Polyplacophora,Neoloricata,Tonicellidae
Lepidonotus sp,Annelida,Polychaeta,Phyllodocida,Polynoidae
Lepidopa californica,Arthropoda,Malacostraca,Decapoda,Albuneidae
Leporimetis obesa,Mollusca,Bivalvia,Veneroida,Tellinidae
Leptochelia dubia,Arthropoda,Malacostraca,Tanaidacea,Leptocheliidae
Leptocuma forsmani,Arthropoda,Malacostraca,Cumacea,Bodotriidae
Leptopecten latiauratus,Mollusca,Bivalvia,Ostreoida,Pectinidae
Leptosynapta sp,Echinodermata,Holothuroidea,Apodida,Synaptidae
Leucon acutirostris,Arthropoda,Malacostraca,Cumacea,Leuconidae
Leucon sp,Arthropoda,Malacostraca,Cumacea,Leuconidae
Leucon subnasica,Arthropoda,Malacostraca,Cumacea,Leuconidae
Leucothoe alata,Arthropoda,Malacostraca,Amphipoda,Leucothoidae
Leucothoe sp,Arthropoda,Malacostraca,Amphipoda,Leucothoidae
Leuroleberis sharpei,Arthropoda,Ostracoda,Myodocopida,Cylindroleberididae
Levinsenia gracilis,Annelida,Polychaeta,Orbiniida,Paraonidae
Lightiella serendipita,Arthropoda,Cephalocarida,Brachypoda,Lightiellidae
Liljeborgia geminata,Arthropoda,Malacostraca,Amphipoda,Liljeborgiidae
Liljeborgia sp,Arthropoda,Malacostraca,Amphipoda,Liljeborgiidae
Limaria hemphilli,Mollusca,Bivalvia,Limoida,Limidae
Limatula saturna,Mollusca,Bivalvia,Limoida,Limidae
Limnactiniidae sp A,Cnidaria,Anthozoa,Actiniaria,Limnactiniidae
Lineidae,Nemertea,Anopla,Heteronemertea,Lineidae
Lirobittium sp,Mollusca,Gastropoda,Neotaenioglossa,Cerithiidae
Lirularia parcipicta,Mollusca,Gastropoda,Vetigastropoda,Trochidae
Listriella diffusa,Arthropoda,Malacostraca,Amphipoda,Liljeborgiidae
Listriella eriopisa,Arthropoda,Malacostraca,Amphipoda,Liljeborgiidae
Listriella goleta,Arthropoda,Malacostraca,Amphipoda,Liljeborgiidae
Listriella melanica,Arthropoda,Malacostraca,Amphipoda,Liljeborgiidae
Listriolobus pelodes,Echiura,Echiurida,Echiuroinea,Thalassematidae
Lophopanopeus bellus,Arthropoda,Malacostraca,Decapoda,Xanthidae
Lophopanopeus frontalis,Arthropoda,Malacostraca,Decapoda,Xanthidae
Lophopanopeus leucomanus,Arthropoda,Malacostraca,Decapoda,Xanthidae
Lophopanopeus sp,Arthropoda,Malacostraca,Decapoda,Xanthidae
Lottia ochracea,Mollusca,Gastropoda,Petallogastropoda,Lottiidae
Loxorhynchus sp,Arthropoda,Malacostraca,Decapoda,Majidae
Lucinisca nuttalli,Mollusca,Bivalvia,Veneroida,Lucinidae
Lumbrineridae,Annelida,Polychaeta,Eunicida,Lumbrineridae
Lumbrinerides platypygos,Annelida,Polychaeta,Eunicida,Lumbrineridae
Lumbrineris californiensis,Annelida,Polychaeta,Eunicida,Lumbrineridae
Lumbrineris cruzensis,Annelida,Polychaeta,Eunicida,Lumbrineridae
Lumbrineris erecta,Annelida,Polychaeta,Eunicida,Lumbrineridae
Lumbrineris japonica,Annelida,Polychaeta,Eunicida,Lumbrineridae
Lumbrineris latreilli,Annelida,Polychaeta,Eunicida,Lumbrineridae
Lumbrineris limicola,Annelida,Polychaeta,Eunicida,Lumbrineridae
Lumbrineris sp,Annelida,Polychaeta,Eunicida,Lumbrineridae
Lumbrineris zonata,Annelida,Polychaeta,Eunicida,Lumbrineridae
Lyonsia californica,Mollusca,Bivalvia,Pholadomyoida,Lyonsiidae
Lysippe sp,Annelida,Polychaeta,Terebellida,Ampharetidae
Lytechinus pictus,Echinodermata,Echinoidea,Temnopleuroida,Toxopneustidae
Macoma acolasta,Mollusca,Bivalvia,Veneroida,Tellinidae
Macoma balthica,Mollusca,Bivalvia,Veneroida,Tellinidae
Macoma carlottensis,Mollusca,Bivalvia,Veneroida,Tellinidae
Macoma expansa,Mollusca,Bivalvia,Veneroida,Tellinidae
Macoma indentata,Mollusca,Bivalvia,Veneroida,Tellinidae
Macoma inquinata,Mollusca,Bivalvia,Veneroida,Tellinidae
Macoma nasuta,Mollusca,Bivalvia,Veneroida,Tellinidae
Macoma petalum,Mollusca,Bivalvia,Veneroida,Tellinidae
Macoma secta,Mollusca,Bivalvia,Veneroida,Tellinidae
Macoma sp,Mollusca,Bivalvia,Veneroida,Tellinidae
Macoma yoldiformis,Mollusca,Bivalvia,Veneroida,Tellinidae
Macrochaeta sp,Annelida,Polychaeta,Spionida,Acrocirridae
Mactridae,Mollusca,Bivalvia,Veneroida,Mactridae
Mactromeris sp,Mollusca,Bivalvia,Veneroida,Mactridae
Mactrotoma californica,Mollusca,Bivalvia,Veneroida,Mactridae
Maera bousfieldi,Arthropoda,Malacostraca,Amphipoda,Melitidae
Maera similis,Arthropoda,Malacostraca,Amphipoda,Melitidae
Maera sp,Arthropoda,Malacostraca,Amphipoda,Melitidae
Magelona berkeleyi,Annelida,Polychaeta,Spionida,Magelonidae
Magelona pitelkai,Annelida,Polychaeta,Spionida,Magelonidae
Magelona sacculata,Annelida,Polychaeta,Spionida,Magelonidae
Majidae,Arthropoda,Malacostraca,Decapoda,Majidae
Malacoceros indicus,Annelida,Polychaeta,Spionida,Spionidae
Malacoplax californiensis,Arthropoda,Malacostraca,Decapoda,Gonoplacidae
Maldane sarsi,Annelida,Polychaeta,Capitellida,Maldanidae
Maldanidae,Annelida,Polychaeta,Capitellida,Maldanidae
Malmgreniella sp,Annelida,Polychaeta,Phyllodocida,Polynoidae
Manayunkia aestuarina,Annelida,Polychaeta,Sabellida,Sabellidae
Manayunkia speciosa,Annelida,Polychaeta,Sabellida,Sabellidae
Mandibulophoxus uncirostratus,Arthropoda,Malacostraca,Amphipoda,Phoxocephalidae
Marenzelleria viridis,Annelida,Polychaeta,Spionida,Spionidae
Marphysa angelensis,Annelida,Polychaeta,Eunicida,Eunicidae
Marphysa disjuncta,Annelida,Polychaeta,Eunicida,Eunicidae
Marphysa mortenseni,Annelida,Polychaeta,Eunicida,Eunicidae
Marphysa sanguinea,Annelida,Polychaeta,Eunicida,Eunicidae
Marphysa sp,Annelida,Polychaeta,Eunicida,Eunicidae
Marphysa sp A,Annelida,Polychaeta,Eunicida,Eunicidae
Marphysa sp B,Annelida,Polychaeta,Eunicida,Eunicidae
Marphysa stylobranchiata,Annelida,Polychaeta,Eunicida,Eunicidae
Mayerella acanthopoda,Arthropoda,Malacostraca,Amphipoda,Protellidae
Mayerella banksia,Arthropoda,Malacostraca,Amphipoda,Protellidae
Mediomastus sp,Annelida,Polychaeta,Capitellida,Capitellidae
Megalomma pigmentum,Annelida,Polychaeta,Sabellida,Sabellidae
Megalomma sp,Annelida,Polychaeta,Sabellida,Sabellidae
Megaluropidae,Arthropoda,Malacostraca,Amphipoda,Megaluropidae
Megamoera subtener,Arthropoda,Malacostraca,Amphipoda,Melitidae
Megastraea undosa,Mollusca,Gastropoda,Vetigastropoda,Turbinidae
Melampus olivaceus,Mollusca,Gastropoda,Archaeopulmonata ,Ellobiidae 
Melanochlamys diomedea,Mollusca,Gastropoda,Cephalaspidea,Aglajidae
Melinna sp,Annelida,Polychaeta,Terebellida,Ampharetidae
Melitidae,Arthropoda,Malacostraca,Amphipoda,Melitidae
Melphidippa sp,Arthropoda,Malacostraca,Amphipoda,Melphidippidae
Melphisana bola Cmplx,Arthropoda,Malacostraca,Amphipoda,Melphidippidae
Mesolamprops dillonensis,Arthropoda,Malacostraca,Cumacea,Lampropidae
Metacaprella anomala,Arthropoda,Malacostraca,Amphipoda,Caprellidae
Metacrangon spinosissima,Arthropoda,Malacostraca,Decapoda,Crangonidae
Metamysidopsis elongata,Arthropoda,Malacostraca,Mysidacea,Mysidae
Metaphoxus frequens,Arthropoda,Malacostraca,Amphipoda,Phoxocephalidae
Metasychis disparidentatus,Annelida,Polychaeta,Capitellida,Maldanidae
Metatiron tropakis,Arthropoda,Malacostraca,Amphipoda,Synopiidae
Microcosmus squamiger,Chordata,Ascidiacea,Stolidobranchiata,Pyuridae
Microdeutopus schmitti,Arthropoda,Malacostraca,Amphipoda,Aoridae
Microjassa litotes,Arthropoda,Malacostraca,Amphipoda,Ischyroceridae
Microphthalmus sczelkowii,Annelida,Polychaeta,Phyllodocida,Hesionidae
Microphthalmus sp,Annelida,Polychaeta,Phyllodocida,Hesionidae
Micropleustes nautilus,Arthropoda,Malacostraca,Amphipoda,Pleustidae
Micropodarke dubia,Annelida,Polychaeta,Phyllodocida,Hesionidae
Microspio microcera,Annelida,Polychaeta,Spionida,Spionidae
Microspio oculata,Annelida,Polychaeta,Spionida,Spionidae
Microspio pigmentata,Annelida,Polychaeta,Spionida,Spionidae
Modiolus capax,Mollusca,Bivalvia,Mytiloida,Mytilidae
Modiolus modiolus,Mollusca,Bivalvia,Mytiloida,Mytilidae
Modiolus sp,Mollusca,Bivalvia,Mytiloida,Mytilidae
Molgula sp,Chordata,Ascidiacea,Stolidobranchiata,Molgulidae
Monocorophium acherusicum,Arthropoda,Malacostraca,Amphipoda,Corophiidae
Monocorophium insidiosum,Arthropoda,Malacostraca,Amphipoda,Corophiidae
Monocorophium oaklandense,Arthropoda,Malacostraca,Amphipoda,Corophiidae
Monocorophium sp,Arthropoda,Malacostraca,Amphipoda,Corophiidae
Monocorophium uenoi,Arthropoda,Malacostraca,Amphipoda,Corophiidae
Monoculodes sp,Arthropoda,Malacostraca,Amphipoda,Oedicerotidae
Monoporeia affinis,Arthropoda,Malacostraca,Amphipoda,Pontoporeiidae
Monostylifera sp,Nemertea,Enopla,Hoplonemertea,Tetrastemmatidae
Monticellina cryptica,Annelida,Polychaeta,Spionida,Cirratulidae
Monticellina siblina,Annelida,Polychaeta,Spionida,Cirratulidae
Monticellina sp,Annelida,Polychaeta,Spionida,Cirratulidae
Monticellina tesselata,Annelida,Polychaeta,Spionida,Cirratulidae
Munna sp,Arthropoda,Malacostraca,Isopoda,Munnidae
Munnogonium tillerae,Arthropoda,Malacostraca,Isopoda,Paramunnidae
Muricidae,Mollusca,Gastropoda,Neogastropoda,Muricidae
Muscidae,Arthropoda,Insecta,Diptera,Muscidae
Musculista senhousia,Mollusca,Bivalvia,Mytiloida,Mytilidae
Mya arenaria,Mollusca,Bivalvia,Myoida,Myidae
Myidae,Mollusca,Bivalvia,Myoida,Myidae
Mysella sp,Mollusca,Bivalvia,Veneroida,Lasaeidae
Mysidae,Arthropoda,Malacostraca,Mysidacea,Mysidae
Mysidella americana,Arthropoda,Malacostraca,Mysidacea,Mysidae
Mysidopsis californica,Arthropoda,Malacostraca,Mysidacea,Mysidae
Mysidopsis intii,Arthropoda,Malacostraca,Mysidacea,Mysidae
Mysidopsis sp,Arthropoda,Malacostraca,Mysidacea,Mysidae
Mytilidae,Mollusca,Bivalvia,Mytiloida,Mytilidae
Mytilus sp,Mollusca,Bivalvia,Mytiloida,Mytilidae
Myxicola sp,Annelida,Polychaeta,Sabellida,Sabellidae
Naineris dendritica,Annelida,Polychaeta,Orbiniida,Orbiniidae
Naineris uncinata,Annelida,Polychaeta,Orbiniida,Orbiniidae
Nasagenia quinsana,Arthropoda,Malacostraca,Amphipoda,Eusiridae
Nassarina penicillata,Mollusca,Gastropoda,Neogastropoda,Columbellidae
Nassarius mendicus,Mollusca,Gastropoda,Neogastropoda,Nassariidae
Nassarius obsoletus,Mollusca,Gastropoda,Neogastropoda,Nassariidae
Nassarius perpinguis,Mollusca,Gastropoda,Neogastropoda,Nassariidae
Nassarius sp,Mollusca,Gastropoda,Neogastropoda,Nassariidae
Nassarius tiarula,Mollusca,Gastropoda,Neogastropoda,Nassariidae
Natantia,Arthropoda,Malacostraca,Decapoda,
Naushonia macginitiei,Arthropoda,Malacostraca,Decapoda,Laomediidae
Navanax inermis,Mollusca,Gastropoda,Cephalaspidea,Aglajidae
Neanthes acuminata Cmplx,Annelida,Polychaeta,Phyllodocida,Nereididae
Neanthes limnicola,Annelida,Polychaeta,Phyllodocida,Nereididae
Neanthes sp,Annelida,Polychaeta,Phyllodocida,Nereididae
Neanthes succinea,Annelida,Polychaeta,Phyllodocida,Nereididae
Neanthes virens,Annelida,Polychaeta,Phyllodocida,Nereididae
Neastacilla californica,Arthropoda,Malacostraca,Isopoda,Arcturidae
Nebalia daytoni,Arthropoda,Malacostraca,Leptostraca,Nebaliidae
Nebalia pugettensis Cmplx,Arthropoda,Malacostraca,Leptostraca,Nebaliidae
Nebalia sp,Arthropoda,Malacostraca,Leptostraca,Nebaliidae
Nematonereis sp,Annelida,Polychaeta,Eunicida,Eunicidae
Nemertea,Nemertea,,,
Nemocardium centifilosum,Mollusca,Bivalvia,Veneroida,Cardiidae
Neoischyrocerus claustris,Arthropoda,Malacostraca,Amphipoda,Ischyroceridae
Neolepton sp,Mollusca,Bivalvia,Veneroida,Bernardinidae
Neomysis sp,Arthropoda,Malacostraca,Mysidacea,Mysidae
Neosabellaria cementarium,Annelida,Polychaeta,Terebellida,Sabellariidae
Neotrypaea sp,Arthropoda,Malacostraca,Decapoda,Callianassidae
Nephasoma sp,Sipuncula,Sipunculidea,Golfingiformes,Golfingiidae
Nephtys caeca,Annelida,Polychaeta,Phyllodocida,Nephtyidae
Nephtys caecoides,Annelida,Polychaeta,Phyllodocida,Nephtyidae
Nephtys californiensis,Annelida,Polychaeta,Phyllodocida,Nephtyidae
Nephtys cornuta,Annelida,Polychaeta,Phyllodocida,Nephtyidae
Nephtys ferruginea,Annelida,Polychaeta,Phyllodocida,Nephtyidae
Nephtys simoni,Annelida,Polychaeta,Phyllodocida,Nephtyidae
Nephtys sp,Annelida,Polychaeta,Phyllodocida,Nephtyidae
Nereididae,Annelida,Polychaeta,Phyllodocida,Nereididae
Nereis latescens,Annelida,Polychaeta,Phyllodocida,Nereididae
Nereis procera,Annelida,Polychaeta,Phyllodocida,Nereididae
Nereis sp,Annelida,Polychaeta,Phyllodocida,Nereididae
Nereis vexillosa,Annelida,Polychaeta,Phyllodocida,Nereididae
Nereis zonata,Annelida,Polychaeta,Phyllodocida,Nereididae
Neverita reclusiana,Mollusca,Gastropoda,Neotaenioglossa,Naticidae
Nicolea sp,Annelida,Polychaeta,Terebellida,Terebellidae
Nippoleucon hinumensis,Arthropoda,Malacostraca,Cumacea,Leuconidae
No organisms present,,,,
Norrisia norrisi,Mollusca,Gastropoda,Vetigastropoda,Trochidae
Notomastus sp,Annelida,Polychaeta,Capitellida,Capitellidae
Nuculana elenensis,Mollusca,Bivalvia,Nuculoida,Nuculanidae
Nuculana penderi,Mollusca,Bivalvia,Nuculoida,Nuculanidae
Nuculana sp,Mollusca,Bivalvia,Nuculoida,Nuculanidae
Nuculana taphria,Mollusca,Bivalvia,Nuculoida,Nuculanidae
Nuculanidae,Mollusca,Bivalvia,Nuculoida,Nuculanidae
Nutricola confusa,Mollusca,Bivalvia,Veneroida,Veneridae
Nutricola ovalis,Mollusca,Bivalvia,Veneroida,Veneridae
Nutricola tantilla,Mollusca,Bivalvia,Veneroida,Veneridae
Nuttallia nuttallii,Mollusca,Bivalvia,Veneroida,Psammobiidae
Nuttallia obscurata,Mollusca,Bivalvia,Veneroida,Psammobiidae
Ocinebrina sp,Mollusca,Gastropoda,Neogastropoda,Muricidae
Octopus sp,Mollusca,Cephalopoda,Octopoda,Octopodidae
Odontosyllis phosphorea,Annelida,Polychaeta,Phyllodocida,Syllidae
Odostomia sp,Mollusca,Gastropoda,Heterostropha,Pyramidellidae
Oedicerotidae,Arthropoda,Malacostraca,Amphipoda,Oedicerotidae
Ogyrides sp A,Arthropoda,Malacostraca,Decapoda,Ogyrididae
Okenia plana,Mollusca,Gastropoda,Nudibranchia,Goniodorididae
Okenia sp A,Mollusca,Gastropoda,Nudibranchia,Goniodorididae
Olea hansineensis,Mollusca,Gastropoda,Sacoglossa,Oleidae
Oligochaeta,Annelida,Oligochaeta,,
Olivella baetica,Mollusca,Gastropoda,Neogastropoda,Olividae
Olivella biplicata,Mollusca,Gastropoda,Neogastropoda,Olividae
Olivella pycna,Mollusca,Gastropoda,Neogastropoda,Olividae
Onuphidae,Annelida,Polychaeta,Eunicida,Onuphidae
Onuphis sp,Annelida,Polychaeta,Eunicida,Onuphidae
Ophelia assimilis,Annelida,Polychaeta,Opheliida,Opheliidae
Ophelia limacina,Annelida,Polychaeta,Opheliida,Opheliidae
Ophelia sp,Annelida,Polychaeta,Opheliida,Opheliidae
Opheliidae,Annelida,Polychaeta,Opheliida,Opheliidae
Ophiactis simplex,Echinodermata,Ophiuroidea,Ophiurida,Ophiactidae
Ophiodermella inermis,Mollusca,Gastropoda,Neogastropoda,Conidae
Ophiodromus pugettensis,Annelida,Polychaeta,Phyllodocida,Hesionidae
Ophionereis eurybrachyplax,Echinodermata,Ophiuroidea,Ophiurida,Ophionereidae
Ophiothrix spiculata,Echinodermata,Ophiuroidea,Ophiurida,Ophiotricidae
Ophiuridae,Echinodermata,Ophiuroidea,Ophiurida,Ophiuridae
Ophiuroconis bispinosa,Echinodermata,Ophiuroidea,Ophiurida,Ophiodermatidae
Ophiuroidea,Echinodermata,Ophiuroidea,,
Ophryotrocha sp,Annelida,Polychaeta,Eunicida,Dorvilleidae
Opisthobranchia,Mollusca,Gastropoda,,
Orbiniidae,Annelida,Polychaeta,Orbiniida,Orbiniidae
Orchomene sp,Arthropoda,Malacostraca,Amphipoda,Lysianassidae
Ostracoda,Arthropoda,Ostracoda,,
Ostrea sp,Mollusca,Bivalvia,Ostreoida,Ostreidae
Owenia collaris,Annelida,Polychaeta,Oweniida,Oweniidae
Owenia fusiformis,Annelida,Polychaeta,Oweniida,Oweniidae
Owenia johnsoni,Annelida,Polychaeta,Oweniida,Oweniidae
Owenia sp,Annelida,Polychaeta,Oweniida,Oweniidae
Oxyurostylis pacifica,Arthropoda,Malacostraca,Cumacea,Diastylidae
Oxyurostylis tertia,Arthropoda,Malacostraca,Cumacea,Diastylidae
Pachynus barnardi,Arthropoda,Malacostraca,Amphipoda,Lysianassidae
Pacifacanthomysis nephrophthalma,Arthropoda,Malacostraca,Mysidacea,Mysidae
Pacifoculodes spinipes,Arthropoda,Malacostraca,Amphipoda,Oedicerotidae
Pagurus sp,Arthropoda,Malacostraca,Decapoda,Paguridae
Palaemon macrodactylus,Arthropoda,Malacostraca,Decapoda,Palaemonidae
Palaemonella holmesi,Arthropoda,Malacostraca,Decapoda,Palaemonidae
Paleanotus bellis,Annelida,Polychaeta,Phyllodocida,Chrysopetalidae
Paracaprella sp,Arthropoda,Malacostraca,Amphipoda,Caprellidae
Paracerceis cordata,Arthropoda,Malacostraca,Isopoda,Sphaeromatidae
Paracerceis sculpta,Arthropoda,Malacostraca,Isopoda,Sphaeromatidae
Paracerceis sp,Arthropoda,Malacostraca,Isopoda,Sphaeromatidae
Paracorophium sp,Arthropoda,Malacostraca,Amphipoda,Corophiidae
Paradexamine sp SD1,Arthropoda,Malacostraca,Amphipoda,Dexaminidae
Paradiopatra parva,Annelida,Polychaeta,Eunicida,Onuphidae
Paradoneis sp,Annelida,Polychaeta,Orbiniida,Paraonidae
Parallorchestes cowani,Arthropoda,Malacostraca,Amphipoda,Hyalidae
Paramage scutata,Annelida,Polychaeta,Terebellida,Ampharetidae
Paramicrodeutopus schmitti,Arthropoda,Malacostraca,Amphipoda,Aoridae
Parandalia fauveli,Annelida,Polychaeta,Phyllodocida,Pilargidae
Paranemertes californica,Nemertea,Enopla,Hoplonemertea,Emplectonematidae
Paranthura elegans,Arthropoda,Malacostraca,Isopoda,Paranthuridae
Paranthura japonica,Arthropoda,Malacostraca,Isopoda,Paranthuridae
Paranthura sp,Arthropoda,Malacostraca,Isopoda,Paranthuridae
Paraonella platybranchia,Annelida,Polychaeta,Orbiniida,Paraonidae
Paraonidae,Annelida,Polychaeta,Orbiniida,Paraonidae
Parapleustinae,Arthropoda,Malacostraca,Amphipoda,Pleustidae
Paraprionospio pinnata,Annelida,Polychaeta,Spionida,Spionidae
Paratanais sp,Arthropoda,Malacostraca,Tanaidacea,Paratanaidae
Pareurythoe californica,Annelida,Polychaeta,Amphinomida,Amphinomidae
Parougia sp,Annelida,Polychaeta,Eunicida,Dorvilleidae
Parvaplustrum sp A,Mollusca,Gastropoda,Architectibranchia,Hydatinidae
Parvilucina tenuisculpta,Mollusca,Bivalvia,Veneroida,Lucinidae
Pectinaria californiensis,Annelida,Polychaeta,Terebellida,Pectinariidae
Pectinaria granulata,Annelida,Polychaeta,Terebellida,Pectinariidae
Pectinidae,Mollusca,Bivalvia,Ostreoida,Pectinidae
Pelecypoda,Mollusca,Bivalvia,,
Pennatulacea,Cnidaria,Anthozoa,Pennatulacea,Virgulariidae
Pentidotea resecata,Arthropoda,Malacostraca,Isopoda,Idoteidae
Peramphithoe sp,Arthropoda,Malacostraca,Amphipoda,Ampithoidae
Periclimenes infraspinis,Arthropoda,Malacostraca,Decapoda,Palaemonidae
Periploma discus,Mollusca,Bivalvia,Pholadomyoida,Periplomatidae
Petaloclymene pacifica,Annelida,Polychaeta,Capitellida,Maldanidae
Petricola californiensis,Mollusca,Bivalvia,Veneroida,Petricolidae
Petricola carditoides,Mollusca,Bivalvia,Veneroida,Petricolidae
Petricola hertzana,Mollusca,Bivalvia,Veneroida,Petricolidae
Petricola sp,Mollusca,Bivalvia,Veneroida,Petricolidae
Pettiboneia pugettensis,Annelida,Polychaeta,Eunicida,Dorvilleidae
Pettiboneia sanmatiensis,Annelida,Polychaeta,Eunicida,Dorvilleidae
Pherusa capulata,Annelida,Polychaeta,Flabelligerida,Flabelligeridae
Pherusa inflata,Annelida,Polychaeta,Flabelligerida,Flabelligeridae
Pherusa negligens,Annelida,Polychaeta,Flabelligerida,Flabelligeridae
Pherusa neopapillata,Annelida,Polychaeta,Flabelligerida,Flabelligeridae
Pherusa sp,Annelida,Polychaeta,Flabelligerida,Flabelligeridae
Philine sp,Mollusca,Gastropoda,Cephalaspidea,Philinidae
Philomedes dentata,Arthropoda,Ostracoda,Myodocopida,Philomedidae
Phisidia sanctaemariae,Annelida,Polychaeta,Terebellida,Terebellidae
Pholoe sp,Annelida,Polychaeta,Phyllodocida,Pholoidae
Pholoides asperus,Annelida,Polychaeta,Phyllodocida,Pholoidae
Phoronida,Phorona,,Phoronida,
Photis bifurcata,Arthropoda,Malacostraca,Amphipoda,Isaeidae
Photis brevipes,Arthropoda,Malacostraca,Amphipoda,Isaeidae
Photis californica,Arthropoda,Malacostraca,Amphipoda,Isaeidae
Photis macinerneyi,Arthropoda,Malacostraca,Amphipoda,Isaeidae
Photis sp,Arthropoda,Malacostraca,Amphipoda,Isaeidae
Phoxichilidium quadridentatum,Arthropoda,Pycnogonida,Pegmata,Phoxichilidiidae
Phoxocephalidae,Arthropoda,Malacostraca,Amphipoda,Phoxocephalidae
Phtisica marina,Arthropoda,Malacostraca,Amphipoda,Phitisicidae
Phyllaplysia taylori,Mollusca,Gastropoda,Anaspidea,Notarchidae
Phyllochaetopterus limicolus,Annelida,Polychaeta,Spionida,Chaetopteridae
Phyllodoce hartmanae,Annelida,Polychaeta,Phyllodocida,Phyllodocidae
Phyllodoce longipes,Annelida,Polychaeta,Phyllodocida,Phyllodocidae
Phyllodoce medipapillata,Annelida,Polychaeta,Phyllodocida,Phyllodocidae
Phyllodoce pettiboneae,Annelida,Polychaeta,Phyllodocida,Phyllodocidae
Phyllodoce sp,Annelida,Polychaeta,Phyllodocida,Phyllodocidae
Phyllodoce williamsi,Annelida,Polychaeta,Phyllodocida,Phyllodocidae
Phyllodocidae,Annelida,Polychaeta,Phyllodocida,Phyllodocidae
Pilargis berkeleyae,Annelida,Polychaeta,Phyllodocida,Pilargidae
Pilargis maculata,Annelida,Polychaeta,Phyllodocida,Pilargidae
Pilargis sp,Annelida,Polychaeta,Phyllodocida,Pilargidae
Pinnixa sp,Arthropoda,Malacostraca,Decapoda,Pinnotheridae
Pinnotheridae,Arthropoda,Malacostraca,Decapoda,Pinnotheridae
Pionosyllis sp,Annelida,Polychaeta,Phyllodocida,Syllidae
Piromis sp,Annelida,Polychaeta,Flabelligerida,Flabelligeridae
Piromis sp SD1,Annelida,Polychaeta,Flabelligerida,Flabelligeridae
Pisaster sp,Echinodermata,Asteroidea,Forcipulatida,Asteriidae
Pisione remota,Annelida,Polychaeta,Phyllodocida,Pisionidae
Pista estevanica,Annelida,Polychaeta,Terebellida,Terebellidae
Pista moorei,Annelida,Polychaeta,Terebellida,Terebellidae
Pista percyi,Annelida,Polychaeta,Terebellida,Terebellidae
Pista sp,Annelida,Polychaeta,Terebellida,Terebellidae
Pista sp C,Annelida,Polychaeta,Terebellida,Terebellidae
Pista wui,Annelida,Polychaeta,Terebellida,Terebellidae
Pitar newcombianus,Mollusca,Bivalvia,Veneroida,Veneridae
Platidia hornii,Brachiopoda,Articulata,Terebratulida,Platidiidae
Platynereis bicanaliculata,Annelida,Polychaeta,Phyllodocida,Nereididae
Pleurogonium sp SF1,Arthropoda,Malacostraca,Isopoda,Paramunnidae
Pleustidae,Arthropoda,Malacostraca,Amphipoda,Pleustidae
Podarkeopsis glabrus,Annelida,Polychaeta,Phyllodocida,Hesionidae
Podarkeopsis perkinsi,Annelida,Polychaeta,Phyllodocida,Hesionidae
Podarkeopsis sp A,Annelida,Polychaeta,Phyllodocida,Hesionidae
Podoceridae,Arthropoda,Malacostraca,Amphipoda,Podoceridae
Podocerus brasiliensis,Arthropoda,Malacostraca,Amphipoda,Podoceridae
Podocerus cristatus,Arthropoda,Malacostraca,Amphipoda,Podoceridae
Podocerus fulanus,Arthropoda,Malacostraca,Amphipoda,Podoceridae
Podocerus sp,Arthropoda,Malacostraca,Amphipoda,Podoceridae
Podocerus spongicolus,Arthropoda,Malacostraca,Amphipoda,Podoceridae
Podochela hemphillii,Arthropoda,Malacostraca,Decapoda,Majidae
Podocopida,Arthropoda,Ostracoda,Podocopida,Cyprididae
Poecilochaetus johnsoni,Annelida,Polychaeta,Spionida,Poecilochaetidae
Poecilochaetus sp,Annelida,Polychaeta,Spionida,Poecilochaetidae
Poecilochaetus sp A,Annelida,Polychaeta,Spionida,Poecilochaetidae
Polycera sp,Mollusca,Gastropoda,Nudibranchia,Polyceratidae
Polychaeta,Annelida,Polychaeta,,
Polycirrus sp,Annelida,Polychaeta,Terebellida,Terebellidae
Polydora cirrosa,Annelida,Polychaeta,Spionida,Spionidae
Polydora cornuta,Annelida,Polychaeta,Spionida,Spionidae
Polydora limicola,Annelida,Polychaeta,Spionida,Spionidae
Polydora nuchalis,Annelida,Polychaeta,Spionida,Spionidae
Polydora sp,Annelida,Polychaeta,Spionida,Spionidae
Polydora websteri,Annelida,Polychaeta,Spionida,Spionidae
Polynoidae,Annelida,Polychaeta,Phyllodocida,Polynoidae
Polyophthalmus pictus,Annelida,Polychaeta,Opheliida,Opheliidae
Pontogeneia rostrata,Arthropoda,Malacostraca,Amphipoda,Eusiridae
Poromya sp,Mollusca,Bivalvia,Septibranchida,Poromyidae
Portunus xantusii,Arthropoda,Malacostraca,Decapoda,Portunidae
Postasterope barnesi,Arthropoda,Ostracoda,Myodocopida,Cylindroleberididae
Potamethus sp A,Annelida,Polychaeta,Sabellida,Sabellidae
Potamocorbula amurensis,Mollusca,Bivalvia,Myoida,Corbulidae
Potamopyrgus antipodarum,Mollusca,Gastropoda,Neotaenioglossa,Hydrobiidae
Praxillella pacifica,Annelida,Polychaeta,Capitellida,Maldanidae
Praxillella sp,Annelida,Polychaeta,Capitellida,Maldanidae
Prionospio (Minuspio) lighti,Annelida,Polychaeta,Spionida,Spionidae
Prionospio (Minuspio) multibranchiata,Annelida,Polychaeta,Spionida,Spionidae
Prionospio (Prionospio) dubia,Annelida,Polychaeta,Spionida,Spionidae
Prionospio (Prionospio) heterobranchia,Annelida,Polychaeta,Spionida,Spionidae
Prionospio (Prionospio) jubata,Annelida,Polychaeta,Spionida,Spionidae
Prionospio sp,Annelida,Polychaeta,Spionida,Spionidae
Pristes oblongus,Mollusca,Bivalvia,Veneroida,Lasaeidae
Proceraea sp,Annelida,Polychaeta,Phyllodocida,Syllidae
Protocirrineris sp,Annelida,Polychaeta,Spionida,Cirratulidae
Protocirrineris sp A,Annelida,Polychaeta,Spionida,Cirratulidae
Protocirrineris sp B,Annelida,Polychaeta,Spionida,Cirratulidae
Protocirrineris sp MEC1,Annelida,Polychaeta,Spionida,Cirratulidae
Protocirrineris sp SD1,Annelida,Polychaeta,Spionida,Cirratulidae
Protodorvillea gracilis,Annelida,Polychaeta,Eunicida,Dorvilleidae
Protohyale frequens,Arthropoda,Malacostraca,Amphipoda,Hyalidae
Protomedeia articulata Cmplx,Arthropoda,Malacostraca,Amphipoda,Isaeidae
Protothaca sp,Mollusca,Bivalvia,Veneroida,Veneridae
Prototrygaeus jordanae,Arthropoda,Pycnogonida,Pegmata,Ammotheidae
Pseudofabriciola californica,Annelida,Polychaeta,Sabellida,Sabellidae
Pseudomelatoma penicillata,Mollusca,Gastropoda,Neogastropoda,Pseudomelatomidae
Pseudopolydora kempi,Annelida,Polychaeta,Spionida,Spionidae
Pseudopolydora paucibranchiata,Annelida,Polychaeta,Spionida,Spionidae
Pseudopolydora sp,Annelida,Polychaeta,Spionida,Spionidae
Pseudopotamilla sp,Annelida,Polychaeta,Sabellida,Sabellidae
Pseudotanais sp,Arthropoda,Malacostraca,Tanaidacea,Pseudotanaidae
Psychoda sp,Arthropoda,Insecta,Diptera,Psychodidiae
Pterocirrus californiensis,Annelida,Polychaeta,Phyllodocida,Phyllodocidae
Pterocirrus montereyensis,Annelida,Polychaeta,Phyllodocida,Phyllodocidae
Pteropurpura festiva,Mollusca,Gastropoda,Neogastropoda,Muricidae
Pycnogonida,Arthropoda,Pycnogonida,,
Pycnogonum rickettsi,Arthropoda,Pycnogonida,Pegmata,Pycnogonidae
Pygodelphys aquilonaris,Arthropoda,Maxillopoda,Cyclopoida,Notodelphyidae
Pygospio californica,Annelida,Polychaeta,Spionida,Spionidae
Pygospio elegans,Annelida,Polychaeta,Spionida,Spionidae
Pyromaia tuberculata,Arthropoda,Malacostraca,Decapoda,Majidae
Quadrimaera vigota,Arthropoda,Malacostraca,Amphipoda,Melitidae
Raeta undulata,Mollusca,Bivalvia,Veneroida,Mactridae
Rhamphidonta retifera,Mollusca,Bivalvia,Veneroida,Lasaeidae
Rhepoxynius abronius,Arthropoda,Malacostraca,Amphipoda,Phoxocephalidae
Rhepoxynius daboius,Arthropoda,Malacostraca,Amphipoda,Phoxocephalidae
Rhepoxynius heterocuspidatus,Arthropoda,Malacostraca,Amphipoda,Phoxocephalidae
Rhepoxynius homocuspidatus,Arthropoda,Malacostraca,Amphipoda,Phoxocephalidae
Rhepoxynius menziesi,Arthropoda,Malacostraca,Amphipoda,Phoxocephalidae
Rhepoxynius sp,Arthropoda,Malacostraca,Amphipoda,Phoxocephalidae
Rhepoxynius sp A,Arthropoda,Malacostraca,Amphipoda,Phoxocephalidae
Rhepoxynius tridentatus,Arthropoda,Malacostraca,Amphipoda,Phoxocephalidae
Rhithropanopeus harrisii,Arthropoda,Malacostraca,Decapoda,Xanthidae
Rhynchospio glutaea,Annelida,Polychaeta,Spionida,Spionidae
Rictaxis punctocaelatus,Mollusca,Gastropoda,Lower Heterobranchia,Acteonidae
Rissoidae,Mollusca,Gastropoda,Neotaenioglossa,Rissoidae
Rochefortia coani,Mollusca,Bivalvia,Veneroida,Lasaeidae
Rochefortia compressa,Mollusca,Bivalvia,Veneroida,Lasaeidae
Rochefortia grippi,Mollusca,Bivalvia,Veneroida,Lasaeidae
Rochefortia mortoni,Mollusca,Bivalvia,Veneroida,Lasaeidae
Rochefortia sp,Mollusca,Bivalvia,Veneroida,Lasaeidae
Rochefortia tumida,Mollusca,Bivalvia,Veneroida,Lasaeidae
Rocinela belliceps,Arthropoda,Malacostraca,Isopoda,Aegidae
Rudilemboides sp,Arthropoda,Malacostraca,Amphipoda,Aoridae
Runcinidae,Mollusca,Gastropoda,Cephalaspidea,Runcinidae
Rutiderma apex,Arthropoda,Ostracoda,Myodocopida,Rutidermatidae
Rutiderma judayi,Arthropoda,Ostracoda,Myodocopida,Rutidermatidae
Rutiderma lomae,Arthropoda,Ostracoda,Myodocopida,Rutidermatidae
Rutiderma rostratum,Arthropoda,Ostracoda,Myodocopida,Rutidermatidae
Sabaco elongatus,Annelida,Polychaeta,Capitellida,Maldanidae
Sabella sp,Annelida,Polychaeta,Sabellida,Sabellidae
Sabellaria gracilis,Annelida,Polychaeta,Terebellida,Sabellariidae
Sabellidae,Annelida,Polychaeta,Sabellida,Sabellidae
Sabellides manriquei,Annelida,Polychaeta,Terebellida,Ampharetidae
Saccocirrus sp,Annelida,Polychaeta,Uncertain,Saccocirridae
Saduria entomon,Arthropoda,Malacostraca,Isopoda,Idoteidae
Sarsiellidae sp SD1,Arthropoda,Ostracoda,Myodocopida,Sarsiellidae
Saxicavella nybakkeni,Mollusca,Bivalvia,Myoida,Hiatellidae
Saxidomus giganteus,Mollusca,Bivalvia,Veneroida,Veneridae
Saxidomus nuttalli,Mollusca,Bivalvia,Veneroida,Veneridae
Scalibregma californicum,Annelida,Polychaeta,Opheliida,Scalibregmatidae
Schistocomus sp A,Annelida,Polychaeta,Terebellida,Ampharetidae
Schizoporella sp,Ectoprocta,Gymnolaemata,Cheilostomata,Schizoporellidae
Schmittius politus,Arthropoda,Malacostraca,Stomatopoda,Squillidae
Scleroplax granulata,Arthropoda,Malacostraca,Decapoda,Pinnotheridae
Scolanthus sp A,Cnidaria,Anthozoa,Actiniaria,Edwardsiidae
Scolanthus sp B,Cnidaria,Anthozoa,Actiniaria,Edwardsiidae
Scolelepis (Parascolelpis) sp,Annelida,Polychaeta,Spionida,Spionidae
Scolelepis (Scolelepis) sp,Annelida,Polychaeta,Spionida,Spionidae
Scolelepis sp,Annelida,Polychaeta,Spionida,Spionidae
Scoletoma luti,Annelida,Polychaeta,Eunicida,Lumbrineridae
Scoletoma sp,Annelida,Polychaeta,Eunicida,Lumbrineridae
Scoletoma sp A,Annelida,Polychaeta,Eunicida,Lumbrineridae
Scoletoma sp B,Annelida,Polychaeta,Eunicida,Lumbrineridae
Scoletoma sp C,Annelida,Polychaeta,Eunicida,Lumbrineridae
Scoletoma tetraura Cmplx,Annelida,Polychaeta,Eunicida,Lumbrineridae
Scoloplos acmeceps,Annelida,Polychaeta,Orbiniida,Orbiniidae
Scoloplos armiger Cmplx,Annelida,Polychaeta,Orbiniida,Orbiniidae
Scoloplos sp,Annelida,Polychaeta,Orbiniida,Orbiniidae
Scyphoproctus oculatus,Annelida,Polychaeta,Capitellida,Capitellidae
Scyra acutifrons,Arthropoda,Malacostraca,Decapoda,Majidae
Semela sp,Mollusca,Bivalvia,Veneroida,Semelidae
Semele venusta,Mollusca,Bivalvia,Veneroida,Semelidae
Serpula vermicularis,Annelida,Polychaeta,Sabellida,Serpulidae
Serpulidae,Annelida,Polychaeta,Sabellida,Serpulidae
Sialis sp,Arthropoda,Insecta,Megaloptera,Sialidae
Sigalion spinosus,Annelida,Polychaeta,Phyllodocida,Sigalionidae
Sigambra bassi,Annelida,Polychaeta,Phyllodocida,Pilargidae
Sigambra tentaculata,Annelida,Polychaeta,Phyllodocida,Pilargidae
Sige sp A,Annelida,Polychaeta,Phyllodocida,Phyllodocidae
Siliqua sp,Mollusca,Bivalvia,Veneroida,Pharidae
Simomactra sp,Mollusca,Bivalvia,Veneroida,Mactridae
Sinelobus stanfordi,Arthropoda,Malacostraca,Tanaidacea,Tanaidae
Sinocorophium alienense,Arthropoda,Malacostraca,Amphipoda,Corophiidae
Sinocorophium heteroceratum,Arthropoda,Malacostraca,Amphipoda,Corophiidae
Sinum scopulosum,Mollusca,Gastropoda,Neotaenioglossa,Naticidae
Siphonodentalium quadrifissatum,Mollusca,Scaphopoda,Gadilida,Gadilidae
Sipuncula,Sipuncula,,,
Sipunculidae,Sipuncula,Sipunculidea,Sipunculiformes,Sipunculidae
Siriella pacifica,Arthropoda,Malacostraca,Mysidacea,Mysidae
Skenea sp,Mollusca,Gastropoda,Vetigastropoda,Skeneopsidae
Solamen columbianum,Mollusca,Bivalvia,Mytiloida,Mytilidae
Solemya reidi,Mollusca,Bivalvia,Solemyoida,Solemyidae
Solen rostriformis,Mollusca,Bivalvia,Veneroida,Solenidae
Solen sicarius,Mollusca,Bivalvia,Veneroida,Solenidae
Solenidae,Mollusca,Bivalvia,Veneroida,Solenidae
Sphaerodoridae,Annelida,Polychaeta,Phyllodocida,Sphaerodoridae
Sphaeroma sp,Arthropoda,Malacostraca,Isopoda,Sphaeromatidae
Sphaeromatidae,Arthropoda,Malacostraca,Isopoda,Sphaeromatidae
Sphaerosyllis californiensis,Annelida,Polychaeta,Phyllodocida,Syllidae
Sphaerosyllis ranunculus,Annelida,Polychaeta,Phyllodocida,Syllidae
Sphaerosyllis sp,Annelida,Polychaeta,Phyllodocida,Syllidae
Sphaerosyllis sp 7 (Harris),Annelida,Polychaeta,Phyllodocida,Syllidae
Sphaerosyllis sp A,Annelida,Polychaeta,Phyllodocida,Syllidae
Sphaerosyllis sp N1,Annelida,Polychaeta,Phyllodocida,Syllidae
Sphenia fragilis,Mollusca,Bivalvia,Myoida,Myidae
Spio butleri,Annelida,Polychaeta,Spionida,Spionidae
Spio filicornis,Annelida,Polychaeta,Spionida,Spionidae
Spio maciolekae,Annelida,Polychaeta,Spionida,Spionidae
Spio maculata,Annelida,Polychaeta,Spionida,Spionidae
Spiochaetopterus costarum,Annelida,Polychaeta,Spionida,Chaetopteridae
Spiochaetopterus pottsi,Annelida,Polychaeta,Spionida,Chaetopteridae
Spionidae,Annelida,Polychaeta,Spionida,Spionidae
Spiophanes berkeleyorum,Annelida,Polychaeta,Spionida,Spionidae
Spiophanes bombyx,Annelida,Polychaeta,Spionida,Spionidae
Spiophanes duplex,Annelida,Polychaeta,Spionida,Spionidae
Spiophanes sp,Annelida,Polychaeta,Spionida,Spionidae
Spirorbidae,Annelida,Polychaeta,Sabellida,Spirorbidae
Stenothoe sp,Arthropoda,Malacostraca,Amphipoda,Stenothoidae
Sternaspis fossor,Annelida,Polychaeta,Sternaspida,Sternaspidae
Sthenelais berkeleyi,Annelida,Polychaeta,Phyllodocida,Sigalionidae
Sthenelais sp,Annelida,Polychaeta,Phyllodocida,Sigalionidae
Sthenelais tertiaglabra,Annelida,Polychaeta,Phyllodocida,Sigalionidae
Sthenelais verruculosa,Annelida,Polychaeta,Phyllodocida,Sigalionidae
Sthenelanella uniformis,Annelida,Polychaeta,Phyllodocida,Sigalionidae
Streblosoma sp,Annelida,Polychaeta,Terebellida,Terebellidae
Streblospio benedicti,Annelida,Polychaeta,Spionida,Spionidae
Styela sp,Chordata,Ascidiacea,Stolidobranchiata,Styelidae
Styelidae,Chordata,Ascidiacea,Stolidobranchiata,Styelidae
Stylatula sp,Cnidaria,Anthozoa,Pennatulacea,Virgulariidae
Sulcoretusa xystrum,Mollusca,Gastropoda,Cephalaspidea,Retusidae
Syllidae,Annelida,Polychaeta,Phyllodocida,Syllidae
Syllides sp,Annelida,Polychaeta,Phyllodocida,Syllidae
Syllis (Ehlersia) hyperioni,Annelida,Polychaeta,Phyllodocida,Syllidae
Syllis (Syllis) gracilis,Annelida,Polychaeta,Phyllodocida,Syllidae
Syllis (Typosyllis) farallonensis,Annelida,Polychaeta,Phyllodocida,Syllidae
Syllis (Typosyllis) nipponica,Annelida,Polychaeta,Phyllodocida,Syllidae
Syllis (Typosyllis) sp,Annelida,Polychaeta,Phyllodocida,Syllidae
Syllis sp,Annelida,Polychaeta,Phyllodocida,Syllidae
Synaptotanais notabilis,Arthropoda,Malacostraca,Tanaidacea,Tanaidae
Synelmis sp,Annelida,Polychaeta,Phyllodocida,Pilargidae
Synidotea harfordi,Arthropoda,Malacostraca,Isopoda,Idoteidae
Synidotea laevidorsalis,Arthropoda,Malacostraca,Isopoda,Idoteidae
Synidotea sp,Arthropoda,Malacostraca,Isopoda,Idoteidae
Tagelus affinis,Mollusca,Bivalvia,Veneroida,Solecurtidae
Tagelus californianus,Mollusca,Bivalvia,Veneroida,Solecurtidae
Tagelus sp,Mollusca,Bivalvia,Veneroida,Solecurtidae
Tagelus subteres,Mollusca,Bivalvia,Veneroida,Solecurtidae
Tanaidacea,Arthropoda,Malacostraca,Tanaidacea,
Tanaidae,Arthropoda,Malacostraca,Tanaidacea,Tanaidae
Tanystylum californicum,Arthropoda,Pycnogonida,Pegmata,Tanystylidae
Tanystylum sp,Arthropoda,Pycnogonida,Pegmata,Tanystylidae
Tecticeps pugettensis,Arthropoda,Malacostraca,Isopoda,Sphaeromatidae
Tectura depicta,Mollusca,Gastropoda,Patellogastropoda,Acmaeidae
Teinostoma supravallatum,Mollusca,Gastropoda,Neotaenioglossa,Adeorbidae
Tellina cadieni,Mollusca,Bivalvia,Veneroida,Tellinidae
Tellina carpenteri,Mollusca,Bivalvia,Veneroida,Tellinidae
Tellina idae,Mollusca,Bivalvia,Veneroida,Tellinidae
Tellina meropsis,Mollusca,Bivalvia,Veneroida,Tellinidae
Tellina modesta,Mollusca,Bivalvia,Veneroida,Tellinidae
Tellina nuculoides,Mollusca,Bivalvia,Veneroida,Tellinidae
Tellina sp,Mollusca,Bivalvia,Veneroida,Tellinidae
Tellinidae,Mollusca,Bivalvia,Veneroida,Tellinidae
Tenellia adspersa,Mollusca,Gastropoda,Nudibranchia,Cuthonidae
Tenonia priops,Annelida,Polychaeta,Phyllodocida,Polynoidae
Terebella sp,Annelida,Polychaeta,Terebellida,Terebellidae
Terebellidae,Annelida,Polychaeta,Terebellida,Terebellidae
Terebellides californica,Annelida,Polychaeta,Terebellida,Trichobranchidae
Tethygenia opata,Arthropoda,Malacostraca,Amphipoda,Eusiridae
Tharyx sp,Annelida,Polychaeta,Spionida,Cirratulidae
Thelepus hamatus,Annelida,Polychaeta,Terebellida,Terebellidae
Themiste sp,Sipuncula,Sipunculidea,Golfingiformes,Themistidae
Theora lubrica,Mollusca,Bivalvia,Veneroida,Semelidae
Thracia sp,Mollusca,Bivalvia,Pholadomyoida,Thraciidae
Thyasira flexuosa,Mollusca,Bivalvia,Veneroida,Thyasiridae
Thysanocardia nigra,Sipuncula,Sipunculidea,Golfingiformes,Golfingiidae
Tiburonella viscana,Arthropoda,Malacostraca,Amphipoda,Platyischnopidae
Timarete sp,Annelida,Polychaeta,Spionida,Cirratulidae
Tiron biocellata,Arthropoda,Malacostraca,Amphipoda,Synopiidae
Trachycardium quadragenarium,Mollusca,Bivalvia,Veneroida,Cardiidae
Traskorchestia traskiana,Arthropoda,Malacostraca,Amphipoda,Talitridae
Tresus sp,Mollusca,Bivalvia,Veneroida,Mactridae
Tritella sp,Arthropoda,Malacostraca,Amphipoda,Protellidae
Tritonia sp,Mollusca,Gastropoda,Nudibranchia,Tritoniidae
Trochochaeta multisetosa,Annelida,Polychaeta,Spionida,Trochochaetidae
Tryonia sp,Mollusca,Gastropoda,Neotaenioglossa,Hydrobiidae
Trypanosyllis sp,Annelida,Polychaeta,Phyllodocida,Syllidae
Tubulanidae,Nemertea,Anopla,Palaeonemertea,Tubulanidae
Tubulanus sp,Nemertea,Anopla,Palaeonemertea,Tubulanidae
Tubulariidae,Cnidaria,Hydrozoa,Athecatae,Tubulariidae
Turbellaria,Platyhelminthes,Turbellaria,,
Turbonilla sp,Mollusca,Gastropoda,Heterostropha,Pyramidellidae
Upogebia sp,Arthropoda,Malacostraca,Decapoda,Upogebiidae
Urechis caupo,Echiura,Echiurida,Xenopneusta,Urechidae
Uristes entalladurus,Arthropoda,Malacostraca,Amphipoda,Lysianassidae
Uromunna ubiquita,Arthropoda,Malacostraca,Isopoda,Munnidae
Urosalpinx cinerea,Mollusca,Gastropoda,Neogastropoda,Muricidae
Vargula tsujii,Arthropoda,Ostracoda,Myodocopida,Cypridinidae
Veneridae,Mollusca,Bivalvia,Veneroida,Veneridae
Venerupis philippinarum,Mollusca,Bivalvia,Veneroida,Veneridae
Vitrinella cf stearnsi,Mollusca,Gastropoda,Neotaenioglossa,Vitrinellidae
Vitrinella oldroydi,Mollusca,Gastropoda,Neotaenioglossa,Vitrinellidae
Vitrinella sp,Mollusca,Gastropoda,Neotaenioglossa,Vitrinellidae
Vitrinella stearnsi,Mollusca,Gastropoda,Neotaenioglossa,Vitrinellidae
Volvulella panamica,Mollusca,Gastropoda,Cephalaspidea,Retusidae
Volvulella sp,Mollusca,Gastropoda,Cephalaspidea,Retusidae
Westwoodilla caecula,Arthropoda,Malacostraca,Amphipoda,Oedicerotidae
Xenoleberis californica,Arthropoda,Ostracoda,Myodocopida,Cylindroleberididae
Yoldia seminuda,Mollusca,Bivalvia,Nuculoida,Yoldiidae
Zaolutus actius,Cnidaria,Anthozoa,Actiniaria,Isanthidae
Zeuxo normani,Arthropoda,Malacostraca,Tanaidacea,Tanaidae
Zeuxo paranormani,Arthropoda,Malacostraca,Tanaidacea,Tanaidae
